modpos_hex,order,row,ms,speed,bpm,note
0x0000,0,0,0.0,6,125,
0x0001,0,1,120.0,5,125,
0x0002,0,2,220.0,5,125,
0x0003,0,3,320.0,5,125,
0x0004,0,4,420.0,5,125,
0x0005,0,5,520.0,5,125,
0x0006,0,6,620.0,5,125,
0x0007,0,7,720.0,5,125,
0x0008,0,8,820.0,5,125,
0x0009,0,9,920.0,5,125,
0x000a,0,10,1020.0,5,125,
0x000b,0,11,1120.0,5,125,
0x000c,0,12,1220.0,5,125,
0x000d,0,13,1320.0,5,125,
0x000e,0,14,1420.0,5,125,
0x000f,0,15,1520.0,5,125,
0x0010,0,16,1620.0,5,125,
0x0011,0,17,1720.0,5,125,
0x0012,0,18,1820.0,5,125,
0x0013,0,19,1920.0,5,125,
0x0014,0,20,2020.0,5,125,
0x0015,0,21,2120.0,5,125,
0x0016,0,22,2220.0,5,125,
0x0017,0,23,2320.0,5,125,
0x0018,0,24,2420.0,5,125,
0x0019,0,25,2520.0,5,125,
0x001a,0,26,2620.0,5,125,
0x001b,0,27,2720.0,5,125,
0x001c,0,28,2820.0,5,125,
0x001d,0,29,2920.0,5,125,
0x001e,0,30,3020.0,5,125,
0x001f,0,31,3120.0,5,125,
0x0020,0,32,3220.0,5,125,
0x0021,0,33,3320.0,5,125,
0x0022,0,34,3420.0,5,125,
0x0023,0,35,3520.0,5,125,
0x0024,0,36,3620.0,5,125,
0x0025,0,37,3720.0,5,125,
0x0026,0,38,3820.0,5,125,
0x0027,0,39,3920.0,5,125,
0x0028,0,40,4020.0,5,125,
0x0029,0,41,4120.0,5,125,
0x002a,0,42,4220.0,5,125,
0x002b,0,43,4320.0,5,125,
0x002c,0,44,4420.0,5,125,
0x002d,0,45,4520.0,5,125,
0x002e,0,46,4620.0,5,125,
0x002f,0,47,4720.0,5,125,
0x0030,0,48,4820.0,5,125,
0x0031,0,49,4920.0,5,125,
0x0032,0,50,5020.0,5,125,
0x0033,0,51,5120.0,5,125,
0x0034,0,52,5220.0,5,125,
0x0035,0,53,5320.0,5,125,
0x0036,0,54,5420.0,5,125,
0x0037,0,55,5520.0,5,125,
0x0038,0,56,5620.0,5,125,
0x0039,0,57,5720.0,5,125,
0x003a,0,58,5820.0,5,125,
0x003b,0,59,5920.0,5,125,
0x003c,0,60,6020.0,5,125,
0x003d,0,61,6120.0,5,125,
0x003e,0,62,6220.0,5,125,
0x003f,0,63,6320.0,5,125,
0x0100,1,0,6420.0,5,125,
0x0101,1,1,6520.0,5,125,
0x0102,1,2,6620.0,5,125,
0x0103,1,3,6720.0,5,125,
0x0104,1,4,6820.0,5,125,
0x0105,1,5,6920.0,5,125,
0x0106,1,6,7020.0,5,125,
0x0107,1,7,7120.0,5,125,
0x0108,1,8,7220.0,5,125,
0x0109,1,9,7320.0,5,125,
0x010a,1,10,7420.0,5,125,
0x010b,1,11,7520.0,5,125,
0x010c,1,12,7620.0,5,125,
0x010d,1,13,7720.0,5,125,
0x010e,1,14,7820.0,5,125,
0x010f,1,15,7920.0,5,125,
0x0110,1,16,8020.0,5,125,
0x0111,1,17,8120.0,5,125,
0x0112,1,18,8220.0,5,125,
0x0113,1,19,8320.0,5,125,
0x0114,1,20,8420.0,5,125,
0x0115,1,21,8520.0,5,125,
0x0116,1,22,8620.0,5,125,
0x0117,1,23,8720.0,5,125,
0x0118,1,24,8820.0,5,125,
0x0119,1,25,8920.0,5,125,
0x011a,1,26,9020.0,5,125,
0x011b,1,27,9120.0,5,125,
0x011c,1,28,9220.0,5,125,
0x011d,1,29,9320.0,5,125,
0x011e,1,30,9420.0,5,125,
0x011f,1,31,9520.0,5,125,
0x0120,1,32,9620.0,5,125,
0x0121,1,33,9720.0,5,125,
0x0122,1,34,9820.0,5,125,
0x0123,1,35,9920.0,5,125,
0x0124,1,36,10020.0,5,125,
0x0125,1,37,10120.0,5,125,
0x0126,1,38,10220.0,5,125,
0x0127,1,39,10320.0,5,125,
0x0128,1,40,10420.0,5,125,
0x0129,1,41,10520.0,5,125,
0x012a,1,42,10620.0,5,125,
0x012b,1,43,10720.0,5,125,
0x012c,1,44,10820.0,5,125,
0x012d,1,45,10920.0,5,125,
0x012e,1,46,11020.0,5,125,
0x012f,1,47,11120.0,5,125,
0x0130,1,48,11220.0,5,125,
0x0131,1,49,11320.0,5,125,
0x0132,1,50,11420.0,5,125,
0x0133,1,51,11520.0,5,125,
0x0134,1,52,11620.0,5,125,
0x0135,1,53,11720.0,5,125,
0x0136,1,54,11820.0,5,125,
0x0137,1,55,11920.0,5,125,
0x0138,1,56,12020.0,5,125,
0x0139,1,57,12120.0,5,125,
0x013a,1,58,12220.0,5,125,
0x013b,1,59,12320.0,5,125,
0x013c,1,60,12420.0,5,125,
0x013d,1,61,12520.0,5,125,
0x013e,1,62,12620.0,5,125,
0x013f,1,63,12720.0,5,125,
0x0200,2,0,12820.0,5,125,
0x0201,2,1,12920.0,5,125,
0x0202,2,2,13020.0,5,125,
0x0203,2,3,13120.0,5,125,
0x0204,2,4,13220.0,5,125,
0x0205,2,5,13320.0,5,125,
0x0206,2,6,13420.0,5,125,
0x0207,2,7,13520.0,5,125,
0x0208,2,8,13620.0,5,125,
0x0209,2,9,13720.0,5,125,
0x020a,2,10,13820.0,5,125,
0x020b,2,11,13920.0,5,125,
0x020c,2,12,14020.0,5,125,
0x020d,2,13,14120.0,5,125,
0x020e,2,14,14220.0,5,125,
0x020f,2,15,14320.0,5,125,
0x0210,2,16,14420.0,5,125,
0x0211,2,17,14520.0,5,125,
0x0212,2,18,14620.0,5,125,
0x0213,2,19,14720.0,5,125,
0x0214,2,20,14820.0,5,125,
0x0215,2,21,14920.0,5,125,
0x0216,2,22,15020.0,5,125,
0x0217,2,23,15120.0,5,125,
0x0218,2,24,15220.0,5,125,
0x0219,2,25,15320.0,5,125,
0x021a,2,26,15420.0,5,125,
0x021b,2,27,15520.0,5,125,
0x021c,2,28,15620.0,5,125,
0x021d,2,29,15720.0,5,125,
0x021e,2,30,15820.0,5,125,
0x021f,2,31,15920.0,5,125,
0x0220,2,32,16020.0,5,125,
0x0221,2,33,16120.0,5,125,
0x0222,2,34,16220.0,5,125,
0x0223,2,35,16320.0,5,125,
0x0224,2,36,16420.0,5,125,
0x0225,2,37,16520.0,5,125,
0x0226,2,38,16620.0,5,125,
0x0227,2,39,16720.0,5,125,
0x0228,2,40,16820.0,5,125,
0x0229,2,41,16920.0,5,125,
0x022a,2,42,17020.0,5,125,
0x022b,2,43,17120.0,5,125,
0x022c,2,44,17220.0,5,125,
0x022d,2,45,17320.0,5,125,
0x022e,2,46,17420.0,5,125,
0x022f,2,47,17520.0,5,125,
0x0230,2,48,17620.0,5,125,
0x0231,2,49,17720.0,5,125,
0x0232,2,50,17820.0,5,125,
0x0233,2,51,17920.0,5,125,
0x0234,2,52,18020.0,5,125,
0x0235,2,53,18120.0,5,125,
0x0236,2,54,18220.0,5,125,
0x0237,2,55,18320.0,5,125,
0x0238,2,56,18420.0,5,125,
0x0239,2,57,18520.0,5,125,
0x023a,2,58,18620.0,5,125,
0x023b,2,59,18720.0,5,125,
0x023c,2,60,18820.0,5,125,
0x023d,2,61,18920.0,5,125,
0x023e,2,62,19020.0,5,125,
0x023f,2,63,19120.0,5,125,
0x0300,3,0,19220.0,5,125,
0x0301,3,1,19320.0,5,125,
0x0302,3,2,19420.0,5,125,
0x0303,3,3,19520.0,5,125,
0x0304,3,4,19620.0,5,125,
0x0305,3,5,19720.0,5,125,
0x0306,3,6,19820.0,5,125,
0x0307,3,7,19920.0,5,125,
0x0308,3,8,20020.0,5,125,
0x0309,3,9,20120.0,5,125,
0x030a,3,10,20220.0,5,125,
0x030b,3,11,20320.0,5,125,
0x030c,3,12,20420.0,5,125,
0x030d,3,13,20520.0,5,125,
0x030e,3,14,20620.0,5,125,
0x030f,3,15,20720.0,5,125,
0x0310,3,16,20820.0,5,125,
0x0311,3,17,20920.0,5,125,
0x0312,3,18,21020.0,5,125,
0x0313,3,19,21120.0,5,125,
0x0314,3,20,21220.0,5,125,
0x0315,3,21,21320.0,5,125,
0x0316,3,22,21420.0,5,125,
0x0317,3,23,21520.0,5,125,
0x0318,3,24,21620.0,5,125,
0x0319,3,25,21720.0,5,125,
0x031a,3,26,21820.0,5,125,
0x031b,3,27,21920.0,5,125,
0x031c,3,28,22020.0,5,125,
0x031d,3,29,22120.0,5,125,
0x031e,3,30,22220.0,5,125,
0x031f,3,31,22320.0,5,125,
0x0320,3,32,22420.0,5,125,
0x0321,3,33,22520.0,5,125,
0x0322,3,34,22620.0,5,125,
0x0323,3,35,22720.0,5,125,
0x0324,3,36,22820.0,5,125,
0x0325,3,37,22920.0,5,125,
0x0326,3,38,23020.0,5,125,
0x0327,3,39,23120.0,5,125,
0x0328,3,40,23220.0,5,125,
0x0329,3,41,23320.0,5,125,
0x032a,3,42,23420.0,5,125,
0x032b,3,43,23520.0,5,125,
0x032c,3,44,23620.0,5,125,
0x032d,3,45,23720.0,5,125,
0x032e,3,46,23820.0,5,125,
0x032f,3,47,23920.0,5,125,
0x0330,3,48,24020.0,5,125,
0x0331,3,49,24120.0,5,125,
0x0332,3,50,24220.0,5,125,
0x0333,3,51,24320.0,5,125,
0x0334,3,52,24420.0,5,125,
0x0335,3,53,24520.0,5,125,
0x0336,3,54,24620.0,5,125,
0x0337,3,55,24720.0,5,125,
0x0338,3,56,24820.0,5,125,
0x0339,3,57,24920.0,5,125,
0x033a,3,58,25020.0,5,125,
0x033b,3,59,25120.0,5,125,
0x033c,3,60,25220.0,5,125,
0x033d,3,61,25320.0,5,125,
0x033e,3,62,25420.0,5,125,
0x033f,3,63,25520.0,5,125,
0x0400,4,0,25620.0,5,125,
0x0401,4,1,25720.0,5,128,
0x0402,4,2,25817.7,5,128,
0x0403,4,3,25915.3,5,128,
0x0404,4,4,26013.0,5,128,
0x0405,4,5,26110.6,5,128,
0x0406,4,6,26208.3,5,128,
0x0407,4,7,26305.9,5,128,
0x0408,4,8,26403.6,5,128,
0x0409,4,9,26501.3,5,128,
0x040a,4,10,26598.9,5,128,
0x040b,4,11,26696.6,5,128,
0x040c,4,12,26794.2,5,128,
0x040d,4,13,26891.9,5,128,
0x040e,4,14,26989.5,5,128,
0x040f,4,15,27087.2,5,128,
0x0410,4,16,27184.8,5,128,
0x0411,4,17,27282.5,5,128,
0x0412,4,18,27380.2,5,128,
0x0413,4,19,27477.8,5,128,
0x0414,4,20,27575.5,5,128,
0x0415,4,21,27673.1,5,128,
0x0416,4,22,27770.8,5,128,
0x0417,4,23,27868.4,5,128,
0x0418,4,24,27966.1,5,128,
0x0419,4,25,28063.8,5,128,
0x041a,4,26,28161.4,5,128,
0x041b,4,27,28259.1,5,128,
0x041c,4,28,28356.7,5,128,
0x041d,4,29,28454.4,5,128,
0x041e,4,30,28552.0,5,128,
0x041f,4,31,28649.7,5,128,
0x0420,4,32,28747.3,5,128,
0x0421,4,33,28845.0,5,128,
0x0422,4,34,28942.7,5,128,
0x0423,4,35,29040.3,5,128,
0x0424,4,36,29138.0,5,128,
0x0425,4,37,29235.6,5,128,
0x0426,4,38,29333.3,5,128,
0x0427,4,39,29430.9,5,128,
0x0428,4,40,29528.6,5,128,
0x0429,4,41,29626.3,5,128,
0x042a,4,42,29723.9,5,128,
0x042b,4,43,29821.6,5,128,
0x042c,4,44,29919.2,5,128,
0x042d,4,45,30016.9,5,128,
0x042e,4,46,30114.5,5,128,
0x042f,4,47,30212.2,5,128,
0x0430,4,48,30309.8,5,128,
0x0431,4,49,30407.5,5,128,
0x0432,4,50,30505.2,5,128,
0x0433,4,51,30602.8,5,128,
0x0434,4,52,30700.5,5,128,
0x0435,4,53,30798.1,5,128,
0x0436,4,54,30895.8,5,128,
0x0437,4,55,30993.4,5,128,
0x0438,4,56,31091.1,5,128,
0x0439,4,57,31188.8,5,128,
0x043a,4,58,31286.4,5,128,
0x043b,4,59,31384.1,5,128,
0x043c,4,60,31481.7,5,128,
0x043d,4,61,31579.4,5,128,
0x043e,4,62,31677.0,5,128,
0x043f,4,63,31774.7,5,128,
0x0500,5,0,31872.3,5,128,
0x0501,5,1,31970.0,5,128,
0x0502,5,2,32067.7,5,128,
0x0503,5,3,32165.3,5,128,
0x0504,5,4,32263.0,5,128,
0x0505,5,5,32360.6,5,128,
0x0506,5,6,32458.3,5,128,
0x0507,5,7,32555.9,5,128,
0x0508,5,8,32653.6,5,128,
0x0509,5,9,32751.3,5,128,
0x050a,5,10,32848.9,5,128,
0x050b,5,11,32946.6,5,128,
0x050c,5,12,33044.2,5,128,
0x050d,5,13,33141.9,5,128,
0x050e,5,14,33239.5,5,128,
0x050f,5,15,33337.2,5,128,
0x0510,5,16,33434.8,5,128,
0x0511,5,17,33532.5,5,128,
0x0512,5,18,33630.2,5,128,
0x0513,5,19,33727.8,5,128,
0x0514,5,20,33825.5,5,128,
0x0515,5,21,33923.1,5,128,
0x0516,5,22,34020.8,5,128,
0x0517,5,23,34118.4,5,128,
0x0518,5,24,34216.1,5,128,
0x0519,5,25,34313.8,5,128,
0x051a,5,26,34411.4,5,128,
0x051b,5,27,34509.1,5,128,
0x051c,5,28,34606.7,5,128,
0x051d,5,29,34704.4,5,128,
0x051e,5,30,34802.0,5,128,
0x051f,5,31,34899.7,5,128,
0x0520,5,32,34997.3,5,128,
0x0521,5,33,35095.0,5,128,
0x0522,5,34,35192.7,5,128,
0x0523,5,35,35290.3,5,128,
0x0524,5,36,35388.0,5,128,
0x0525,5,37,35485.6,5,128,
0x0526,5,38,35583.3,5,128,
0x0527,5,39,35680.9,5,128,
0x0528,5,40,35778.6,5,128,
0x0529,5,41,35876.3,5,128,
0x052a,5,42,35973.9,5,128,
0x052b,5,43,36071.6,5,128,
0x052c,5,44,36169.2,5,128,
0x052d,5,45,36266.9,5,128,
0x052e,5,46,36364.5,5,128,
0x052f,5,47,36462.2,5,128,
0x0530,5,48,36559.8,5,128,
0x0531,5,49,36657.5,5,128,
0x0532,5,50,36755.2,5,128,
0x0533,5,51,36852.8,5,128,
0x0534,5,52,36950.5,5,128,
0x0535,5,53,37048.1,5,128,
0x0536,5,54,37145.8,5,128,
0x0537,5,55,37243.4,5,128,
0x0538,5,56,37341.1,5,128,
0x0539,5,57,37438.8,5,128,
0x053a,5,58,37536.4,5,128,
0x053b,5,59,37634.1,5,128,
0x053c,5,60,37731.7,5,128,
0x053d,5,61,37829.4,5,128,
0x053e,5,62,37927.0,5,128,
0x053f,5,63,38024.7,5,128,
0x0600,6,0,38122.3,5,128,
0x0601,6,1,38220.0,5,128,
0x0602,6,2,38317.7,5,128,
0x0603,6,3,38415.3,5,128,
0x0604,6,4,38513.0,5,128,
0x0605,6,5,38610.6,5,128,
0x0606,6,6,38708.3,5,128,
0x0607,6,7,38805.9,5,128,
0x0608,6,8,38903.6,5,128,
0x0609,6,9,39001.3,5,128,
0x060a,6,10,39098.9,5,128,
0x060b,6,11,39196.6,5,128,
0x060c,6,12,39294.2,5,128,
0x060d,6,13,39391.9,5,128,
0x060e,6,14,39489.5,5,128,
0x060f,6,15,39587.2,5,128,
0x0610,6,16,39684.8,5,128,
0x0611,6,17,39782.5,5,128,
0x0612,6,18,39880.2,5,128,
0x0613,6,19,39977.8,5,128,
0x0614,6,20,40075.5,5,128,
0x0615,6,21,40173.1,5,128,
0x0616,6,22,40270.8,5,128,
0x0617,6,23,40368.4,5,128,
0x0618,6,24,40466.1,5,128,
0x0619,6,25,40563.8,5,128,
0x061a,6,26,40661.4,5,128,
0x061b,6,27,40759.1,5,128,
0x061c,6,28,40856.7,5,128,
0x061d,6,29,40954.4,5,128,
0x061e,6,30,41052.0,5,128,
0x061f,6,31,41149.7,5,128,
0x0620,6,32,41247.3,5,128,
0x0621,6,33,41345.0,5,128,
0x0622,6,34,41442.7,5,128,
0x0623,6,35,41540.3,5,128,
0x0624,6,36,41638.0,5,128,
0x0625,6,37,41735.6,5,128,
0x0626,6,38,41833.3,5,128,
0x0627,6,39,41930.9,5,128,
0x0628,6,40,42028.6,5,128,
0x0629,6,41,42126.3,5,128,
0x062a,6,42,42223.9,5,128,
0x062b,6,43,42321.6,5,128,
0x062c,6,44,42419.2,5,128,
0x062d,6,45,42516.9,5,128,
0x062e,6,46,42614.5,5,128,
0x062f,6,47,42712.2,5,128,
0x0630,6,48,42809.8,5,128,
0x0631,6,49,42907.5,5,128,
0x0632,6,50,43005.2,5,128,
0x0633,6,51,43102.8,5,128,
0x0634,6,52,43200.5,5,128,
0x0635,6,53,43298.1,5,128,
0x0636,6,54,43395.8,5,128,
0x0637,6,55,43493.4,5,128,
0x0638,6,56,43591.1,5,128,
0x0639,6,57,43688.8,5,128,
0x063a,6,58,43786.4,5,128,
0x063b,6,59,43884.1,5,128,
0x063c,6,60,43981.7,5,128,
0x063d,6,61,44079.4,5,128,
0x063e,6,62,44177.0,5,128,
0x063f,6,63,44274.7,5,128,
0x0700,7,0,44372.3,5,128,
0x0701,7,1,44470.0,5,128,
0x0702,7,2,44567.7,5,128,
0x0703,7,3,44665.3,5,128,
0x0704,7,4,44763.0,5,128,
0x0705,7,5,44860.6,5,128,
0x0706,7,6,44958.3,5,128,
0x0707,7,7,45055.9,5,128,
0x0708,7,8,45153.6,5,128,
0x0709,7,9,45251.3,5,128,
0x070a,7,10,45348.9,5,128,
0x070b,7,11,45446.6,5,128,
0x070c,7,12,45544.2,5,128,
0x070d,7,13,45641.9,5,128,
0x070e,7,14,45739.5,5,128,
0x070f,7,15,45837.2,5,128,
0x0710,7,16,45934.8,5,128,
0x0711,7,17,46032.5,5,128,
0x0712,7,18,46130.2,5,128,
0x0713,7,19,46227.8,5,128,
0x0714,7,20,46325.5,5,128,
0x0715,7,21,46423.1,5,128,
0x0716,7,22,46520.8,5,128,
0x0717,7,23,46618.4,5,128,
0x0718,7,24,46716.1,5,128,
0x0719,7,25,46813.8,5,128,
0x071a,7,26,46911.4,5,128,
0x071b,7,27,47009.1,5,128,
0x071c,7,28,47106.7,5,128,
0x071d,7,29,47204.4,5,128,
0x071e,7,30,47302.0,5,128,
0x071f,7,31,47399.7,5,128,
0x0720,7,32,47497.3,5,128,
0x0721,7,33,47595.0,5,128,
0x0722,7,34,47692.7,5,128,
0x0723,7,35,47790.3,5,128,
0x0724,7,36,47888.0,5,128,
0x0725,7,37,47985.6,5,128,
0x0726,7,38,48083.3,5,128,
0x0727,7,39,48180.9,5,128,
0x0728,7,40,48278.6,5,128,
0x0729,7,41,48376.3,5,128,
0x072a,7,42,48473.9,5,128,
0x072b,7,43,48571.6,5,128,
0x072c,7,44,48669.2,5,128,
0x072d,7,45,48766.9,5,128,
0x072e,7,46,48864.5,5,128,
0x072f,7,47,48962.2,5,128,
0x0730,7,48,49059.8,5,128,
0x0731,7,49,49157.5,5,128,
0x0732,7,50,49255.2,5,128,
0x0733,7,51,49352.8,5,128,
0x0734,7,52,49450.5,5,128,
0x0735,7,53,49548.1,5,128,
0x0736,7,54,49645.8,5,128,
0x0737,7,55,49743.4,5,128,
0x0738,7,56,49841.1,5,128,
0x0739,7,57,49938.8,5,128,
0x073a,7,58,50036.4,5,128,
0x073b,7,59,50134.1,5,128,
0x073c,7,60,50231.7,5,128,
0x073d,7,61,50329.4,5,128,
0x073e,7,62,50427.0,5,128,
0x073f,7,63,50524.7,5,128,
0x0800,8,0,50622.3,5,128,
0x0801,8,1,50720.0,5,128,
0x0802,8,2,50817.7,5,128,
0x0803,8,3,50915.3,5,128,
0x0804,8,4,51013.0,5,128,
0x0805,8,5,51110.6,5,128,
0x0806,8,6,51208.3,5,128,
0x0807,8,7,51305.9,5,128,
0x0808,8,8,51403.6,5,128,
0x0809,8,9,51501.3,5,128,
0x080a,8,10,51598.9,5,128,
0x080b,8,11,51696.6,5,128,
0x080c,8,12,51794.2,5,128,
0x080d,8,13,51891.9,5,128,
0x080e,8,14,51989.5,5,128,
0x080f,8,15,52087.2,5,128,
0x0810,8,16,52184.8,5,128,
0x0811,8,17,52282.5,5,128,
0x0812,8,18,52380.2,5,128,
0x0813,8,19,52477.8,5,128,
0x0814,8,20,52575.5,5,128,
0x0815,8,21,52673.1,5,128,
0x0816,8,22,52770.8,5,128,
0x0817,8,23,52868.4,5,128,
0x0818,8,24,52966.1,5,128,
0x0819,8,25,53063.8,5,128,
0x081a,8,26,53161.4,5,128,
0x081b,8,27,53259.1,5,128,
0x081c,8,28,53356.7,5,128,
0x081d,8,29,53454.4,5,128,
0x081e,8,30,53552.0,5,128,
0x081f,8,31,53649.7,5,128,
0x0820,8,32,53747.3,5,128,
0x0821,8,33,53845.0,5,128,
0x0822,8,34,53942.7,5,128,
0x0823,8,35,54040.3,5,128,
0x0824,8,36,54138.0,5,128,
0x0825,8,37,54235.6,5,128,
0x0826,8,38,54333.3,5,128,
0x0827,8,39,54430.9,5,128,
0x0828,8,40,54528.6,5,128,
0x0829,8,41,54626.3,5,128,
0x082a,8,42,54723.9,5,128,
0x082b,8,43,54821.6,5,128,
0x082c,8,44,54919.2,5,128,
0x082d,8,45,55016.9,5,128,
0x082e,8,46,55114.5,5,128,
0x082f,8,47,55212.2,5,128,
0x0830,8,48,55309.8,5,128,
0x0831,8,49,55407.5,5,128,
0x0832,8,50,55505.2,5,128,
0x0833,8,51,55602.8,5,128,
0x0834,8,52,55700.5,5,128,
0x0835,8,53,55798.1,5,128,
0x0836,8,54,55895.8,5,128,
0x0837,8,55,55993.4,5,128,
0x0838,8,56,56091.1,5,128,
0x0839,8,57,56188.8,5,128,
0x083a,8,58,56286.4,5,128,
0x083b,8,59,56384.1,5,128,
0x083c,8,60,56481.7,5,128,
0x083d,8,61,56579.4,5,128,
0x083e,8,62,56677.0,5,128,
0x083f,8,63,56774.7,5,128,
0x0900,9,0,56872.3,5,128,
0x0901,9,1,56970.0,5,128,
0x0902,9,2,57067.7,5,128,
0x0903,9,3,57165.3,5,128,
0x0904,9,4,57263.0,5,128,
0x0905,9,5,57360.6,5,128,
0x0906,9,6,57458.3,5,128,
0x0907,9,7,57555.9,5,128,
0x0908,9,8,57653.6,5,128,
0x0909,9,9,57751.3,5,128,
0x090a,9,10,57848.9,5,128,
0x090b,9,11,57946.6,5,128,
0x090c,9,12,58044.2,5,128,
0x090d,9,13,58141.9,5,128,
0x090e,9,14,58239.5,5,128,
0x090f,9,15,58337.2,5,128,
0x0910,9,16,58434.8,5,128,
0x0911,9,17,58532.5,5,128,
0x0912,9,18,58630.2,5,128,
0x0913,9,19,58727.8,5,128,
0x0914,9,20,58825.5,5,128,
0x0915,9,21,58923.1,5,128,
0x0916,9,22,59020.8,5,128,
0x0917,9,23,59118.4,5,128,
0x0918,9,24,59216.1,5,128,
0x0919,9,25,59313.8,5,128,
0x091a,9,26,59411.4,5,128,
0x091b,9,27,59509.1,5,128,
0x091c,9,28,59606.7,5,128,
0x091d,9,29,59704.4,5,128,
0x091e,9,30,59802.0,5,128,
0x091f,9,31,59899.7,5,128,
0x0920,9,32,59997.3,5,128,
0x0921,9,33,60095.0,5,128,
0x0922,9,34,60192.7,5,128,
0x0923,9,35,60290.3,5,128,
0x0924,9,36,60388.0,5,128,
0x0925,9,37,60485.6,5,128,
0x0926,9,38,60583.3,5,128,
0x0927,9,39,60680.9,5,128,
0x0928,9,40,60778.6,5,128,
0x0929,9,41,60876.3,5,128,
0x092a,9,42,60973.9,5,128,
0x092b,9,43,61071.6,5,128,
0x092c,9,44,61169.2,5,128,
0x092d,9,45,61266.9,5,128,
0x092e,9,46,61364.5,5,128,
0x092f,9,47,61462.2,5,128,
0x0930,9,48,61559.8,5,128,
0x0931,9,49,61657.5,5,128,
0x0932,9,50,61755.2,5,128,
0x0933,9,51,61852.8,5,128,
0x0934,9,52,61950.5,5,128,
0x0935,9,53,62048.1,5,128,
0x0936,9,54,62145.8,5,128,
0x0937,9,55,62243.4,5,128,
0x0938,9,56,62341.1,5,128,
0x0939,9,57,62438.8,5,128,
0x093a,9,58,62536.4,5,128,
0x093b,9,59,62634.1,5,128,
0x093c,9,60,62731.7,5,128,
0x093d,9,61,62829.4,5,128,
0x093e,9,62,62927.0,5,128,
0x093f,9,63,63024.7,5,128,
0x0a00,10,0,63122.3,5,128,
0x0a01,10,1,63220.0,5,128,
0x0a02,10,2,63317.7,5,128,
0x0a03,10,3,63415.3,5,128,
0x0a04,10,4,63513.0,5,128,
0x0a05,10,5,63610.6,5,128,
0x0a06,10,6,63708.3,5,128,
0x0a07,10,7,63805.9,5,128,
0x0a08,10,8,63903.6,5,128,
0x0a09,10,9,64001.3,5,128,
0x0a0a,10,10,64098.9,5,128,
0x0a0b,10,11,64196.6,5,128,
0x0a0c,10,12,64294.2,5,128,
0x0a0d,10,13,64391.9,5,128,
0x0a0e,10,14,64489.5,5,128,
0x0a0f,10,15,64587.2,5,128,
0x0a10,10,16,64684.8,5,128,
0x0a11,10,17,64782.5,5,128,
0x0a12,10,18,64880.2,5,128,
0x0a13,10,19,64977.8,5,128,
0x0a14,10,20,65075.5,5,128,
0x0a15,10,21,65173.1,5,128,
0x0a16,10,22,65270.8,5,128,
0x0a17,10,23,65368.4,5,128,
0x0a18,10,24,65466.1,5,128,
0x0a19,10,25,65563.8,5,128,
0x0a1a,10,26,65661.4,5,128,
0x0a1b,10,27,65759.1,5,128,
0x0a1c,10,28,65856.7,5,128,
0x0a1d,10,29,65954.4,5,128,
0x0a1e,10,30,66052.0,5,128,
0x0a1f,10,31,66149.7,5,128,
0x0a20,10,32,66247.3,5,128,
0x0a21,10,33,66345.0,5,128,
0x0a22,10,34,66442.7,5,128,
0x0a23,10,35,66540.3,5,128,
0x0a24,10,36,66638.0,5,128,
0x0a25,10,37,66735.6,5,128,
0x0a26,10,38,66833.3,5,128,
0x0a27,10,39,66930.9,5,128,
0x0a28,10,40,67028.6,5,128,
0x0a29,10,41,67126.3,5,128,
0x0a2a,10,42,67223.9,5,128,
0x0a2b,10,43,67321.6,5,128,
0x0a2c,10,44,67419.2,5,128,
0x0a2d,10,45,67516.9,5,128,
0x0a2e,10,46,67614.5,5,128,
0x0a2f,10,47,67712.2,5,128,
0x0a30,10,48,67809.8,5,128,
0x0a31,10,49,67907.5,5,128,
0x0a32,10,50,68005.2,5,128,
0x0a33,10,51,68102.8,5,128,
0x0a34,10,52,68200.5,5,128,
0x0a35,10,53,68298.1,5,128,
0x0a36,10,54,68395.8,5,128,
0x0a37,10,55,68493.4,5,128,
0x0a38,10,56,68591.1,5,128,
0x0a39,10,57,68688.8,5,128,
0x0a3a,10,58,68786.4,5,128,
0x0a3b,10,59,68884.1,5,128,
0x0a3c,10,60,68981.7,5,128,
0x0a3d,10,61,69079.4,5,128,
0x0a3e,10,62,69177.0,5,128,
0x0a3f,10,63,69274.7,5,128,
0x0b00,11,0,69372.3,5,128,
0x0b01,11,1,69470.0,5,128,
0x0b02,11,2,69567.7,5,128,
0x0b03,11,3,69665.3,5,128,
0x0b04,11,4,69763.0,5,128,
0x0b05,11,5,69860.6,5,128,
0x0b06,11,6,69958.3,5,128,
0x0b07,11,7,70055.9,5,128,
0x0b08,11,8,70153.6,5,128,
0x0b09,11,9,70251.3,5,128,
0x0b0a,11,10,70348.9,5,128,
0x0b0b,11,11,70446.6,5,128,
0x0b0c,11,12,70544.2,5,128,
0x0b0d,11,13,70641.9,5,128,
0x0b0e,11,14,70739.5,5,128,
0x0b0f,11,15,70837.2,5,128,
0x0b10,11,16,70934.8,5,128,
0x0b11,11,17,71032.5,5,128,
0x0b12,11,18,71130.2,5,128,
0x0b13,11,19,71227.8,5,128,
0x0b14,11,20,71325.5,5,128,
0x0b15,11,21,71423.1,5,128,
0x0b16,11,22,71520.8,5,128,
0x0b17,11,23,71618.4,5,128,
0x0b18,11,24,71716.1,5,128,
0x0b19,11,25,71813.8,5,128,
0x0b1a,11,26,71911.4,5,128,
0x0b1b,11,27,72009.1,5,128,
0x0b1c,11,28,72106.7,5,128,
0x0b1d,11,29,72204.4,5,128,
0x0b1e,11,30,72302.0,5,128,
0x0b1f,11,31,72399.7,5,128,
0x0b20,11,32,72497.3,5,128,
0x0b21,11,33,72595.0,5,128,
0x0b22,11,34,72692.7,5,128,
0x0b23,11,35,72790.3,5,128,
0x0b24,11,36,72888.0,5,128,
0x0b25,11,37,72985.6,5,128,
0x0b26,11,38,73083.3,5,128,
0x0b27,11,39,73180.9,5,128,
0x0b28,11,40,73278.6,5,128,
0x0b29,11,41,73376.3,5,128,
0x0b2a,11,42,73473.9,5,128,
0x0b2b,11,43,73571.6,5,128,
0x0b2c,11,44,73669.2,5,128,
0x0b2d,11,45,73766.9,5,128,
0x0b2e,11,46,73864.5,5,128,
0x0b2f,11,47,73962.2,5,128,
0x0b30,11,48,74059.8,5,128,
0x0b31,11,49,74157.5,5,128,
0x0b32,11,50,74255.2,5,128,
0x0b33,11,51,74352.8,5,128,
0x0b34,11,52,74450.5,5,128,
0x0b35,11,53,74548.1,5,128,
0x0b36,11,54,74645.8,5,128,
0x0b37,11,55,74743.4,5,128,
0x0b38,11,56,74841.1,5,128,
0x0b39,11,57,74938.8,5,128,
0x0b3a,11,58,75036.4,5,128,
0x0b3b,11,59,75134.1,5,128,
0x0b3c,11,60,75231.7,5,128,
0x0b3d,11,61,75329.4,5,128,
0x0b3e,11,62,75427.0,5,128,
0x0b3f,11,63,75524.7,5,128,
0x0c00,12,0,75622.3,5,128,
0x0c01,12,1,75720.0,5,128,
0x0c02,12,2,75817.7,5,128,
0x0c03,12,3,75915.3,5,128,
0x0c04,12,4,76013.0,5,128,
0x0c05,12,5,76110.6,5,128,
0x0c06,12,6,76208.3,5,128,
0x0c07,12,7,76305.9,5,128,
0x0c08,12,8,76403.6,5,128,
0x0c09,12,9,76501.3,5,128,
0x0c0a,12,10,76598.9,5,128,
0x0c0b,12,11,76696.6,5,128,
0x0c0c,12,12,76794.2,5,128,
0x0c0d,12,13,76891.9,5,128,
0x0c0e,12,14,76989.5,5,128,
0x0c0f,12,15,77087.2,5,128,
0x0c10,12,16,77184.8,5,128,
0x0c11,12,17,77282.5,5,128,
0x0c12,12,18,77380.2,5,128,
0x0c13,12,19,77477.8,5,128,
0x0c14,12,20,77575.5,5,128,
0x0c15,12,21,77673.1,5,128,
0x0c16,12,22,77770.8,5,128,
0x0c17,12,23,77868.4,5,128,
0x0c18,12,24,77966.1,5,128,
0x0c19,12,25,78063.8,5,128,
0x0c1a,12,26,78161.4,5,128,
0x0c1b,12,27,78259.1,5,128,
0x0c1c,12,28,78356.7,5,128,
0x0c1d,12,29,78454.4,5,128,
0x0c1e,12,30,78552.0,5,128,
0x0c1f,12,31,78649.7,5,128,
0x0c20,12,32,78747.3,5,128,
0x0c21,12,33,78845.0,5,128,
0x0c22,12,34,78942.7,5,128,
0x0c23,12,35,79040.3,5,128,
0x0c24,12,36,79138.0,5,128,
0x0c25,12,37,79235.6,5,128,
0x0c26,12,38,79333.3,5,128,
0x0c27,12,39,79430.9,5,128,
0x0c28,12,40,79528.6,5,128,
0x0c29,12,41,79626.3,5,128,
0x0c2a,12,42,79723.9,5,128,
0x0c2b,12,43,79821.6,5,128,
0x0c2c,12,44,79919.2,5,128,
0x0c2d,12,45,80016.9,5,128,
0x0c2e,12,46,80114.5,5,128,
0x0c2f,12,47,80212.2,5,128,
0x0c30,12,48,80309.8,5,128,
0x0c31,12,49,80407.5,5,128,
0x0c32,12,50,80505.2,5,128,
0x0c33,12,51,80602.8,5,128,
0x0c34,12,52,80700.5,5,128,
0x0c35,12,53,80798.1,5,128,
0x0c36,12,54,80895.8,5,128,
0x0c37,12,55,80993.4,5,128,
0x0c38,12,56,81091.1,5,128,
0x0c39,12,57,81188.8,5,128,
0x0c3a,12,58,81286.4,5,128,
0x0c3b,12,59,81384.1,5,128,
0x0c3c,12,60,81481.7,5,128,
0x0c3d,12,61,81579.4,5,128,
0x0c3e,12,62,81677.0,5,128,
0x0c3f,12,63,81774.7,5,128,
0x0d00,13,0,81872.3,5,128,
0x0d01,13,1,81970.0,5,128,
0x0d02,13,2,82067.7,5,128,
0x0d03,13,3,82165.3,5,128,
0x0d04,13,4,82263.0,5,128,
0x0d05,13,5,82360.6,5,128,
0x0d06,13,6,82458.3,5,128,
0x0d07,13,7,82555.9,5,128,
0x0d08,13,8,82653.6,5,128,
0x0d09,13,9,82751.3,5,128,
0x0d0a,13,10,82848.9,5,128,
0x0d0b,13,11,82946.6,5,128,
0x0d0c,13,12,83044.2,5,128,
0x0d0d,13,13,83141.9,5,128,
0x0d0e,13,14,83239.5,5,128,
0x0d0f,13,15,83337.2,5,128,
0x0d10,13,16,83434.8,5,128,
0x0d11,13,17,83532.5,5,128,
0x0d12,13,18,83630.2,5,128,
0x0d13,13,19,83727.8,5,128,
0x0d14,13,20,83825.5,5,128,
0x0d15,13,21,83923.1,5,128,
0x0d16,13,22,84020.8,5,128,
0x0d17,13,23,84118.4,5,128,
0x0d18,13,24,84216.1,5,128,
0x0d19,13,25,84313.8,5,128,
0x0d1a,13,26,84411.4,5,128,
0x0d1b,13,27,84509.1,5,128,
0x0d1c,13,28,84606.7,5,128,
0x0d1d,13,29,84704.4,5,128,
0x0d1e,13,30,84802.0,5,128,
0x0d1f,13,31,84899.7,5,128,
0x0d20,13,32,84997.3,5,128,
0x0d21,13,33,85095.0,5,128,
0x0d22,13,34,85192.7,5,128,
0x0d23,13,35,85290.3,5,128,
0x0d24,13,36,85388.0,5,128,
0x0d25,13,37,85485.6,5,128,
0x0d26,13,38,85583.3,5,128,
0x0d27,13,39,85680.9,5,128,
0x0d28,13,40,85778.6,5,128,
0x0d29,13,41,85876.3,5,128,
0x0d2a,13,42,85973.9,5,128,
0x0d2b,13,43,86071.6,5,128,
0x0d2c,13,44,86169.2,5,128,
0x0d2d,13,45,86266.9,5,128,
0x0d2e,13,46,86364.5,5,128,
0x0d2f,13,47,86462.2,5,128,
0x0d30,13,48,86559.8,5,128,
0x0d31,13,49,86657.5,5,128,
0x0d32,13,50,86755.2,5,128,
0x0d33,13,51,86852.8,5,128,
0x0d34,13,52,86950.5,5,128,
0x0d35,13,53,87048.1,5,128,
0x0d36,13,54,87145.8,5,128,
0x0d37,13,55,87243.4,5,128,
0x0d38,13,56,87341.1,5,128,
0x0d39,13,57,87438.8,5,128,
0x0d3a,13,58,87536.4,5,128,
0x0d3b,13,59,87634.1,5,128,
0x0d3c,13,60,87731.7,5,128,
0x0d3d,13,61,87829.4,5,128,
0x0d3e,13,62,87927.0,5,128,
0x0d3f,13,63,88024.7,5,128,
0x0e00,14,0,88122.3,5,128,
0x0e01,14,1,88220.0,5,128,
0x0e02,14,2,88317.7,5,128,
0x0e03,14,3,88415.3,5,128,
0x0e04,14,4,88513.0,5,128,
0x0e05,14,5,88610.6,5,128,
0x0e06,14,6,88708.3,5,128,
0x0e07,14,7,88805.9,5,128,
0x0e08,14,8,88903.6,5,128,
0x0e09,14,9,89001.3,5,128,
0x0e0a,14,10,89098.9,5,128,
0x0e0b,14,11,89196.6,5,128,
0x0e0c,14,12,89294.2,5,128,
0x0e0d,14,13,89391.9,5,128,
0x0e0e,14,14,89489.5,5,128,
0x0e0f,14,15,89587.2,5,128,
0x0e10,14,16,89684.8,5,128,
0x0e11,14,17,89782.5,5,128,
0x0e12,14,18,89880.2,5,128,
0x0e13,14,19,89977.8,5,128,
0x0e14,14,20,90075.5,5,128,
0x0e15,14,21,90173.1,5,128,
0x0e16,14,22,90270.8,5,128,
0x0e17,14,23,90368.4,5,128,
0x0e18,14,24,90466.1,5,128,
0x0e19,14,25,90563.8,5,128,
0x0e1a,14,26,90661.4,5,128,
0x0e1b,14,27,90759.1,5,128,
0x0e1c,14,28,90856.7,5,128,
0x0e1d,14,29,90954.4,5,128,
0x0e1e,14,30,91052.0,5,128,
0x0e1f,14,31,91149.7,5,128,
0x0e20,14,32,91247.3,5,128,
0x0e21,14,33,91345.0,5,128,
0x0e22,14,34,91442.7,5,128,
0x0e23,14,35,91540.3,5,128,
0x0e24,14,36,91638.0,5,128,
0x0e25,14,37,91735.6,5,128,
0x0e26,14,38,91833.3,5,128,
0x0e27,14,39,91930.9,5,128,
0x0e28,14,40,92028.6,5,128,
0x0e29,14,41,92126.3,5,128,
0x0e2a,14,42,92223.9,5,128,
0x0e2b,14,43,92321.6,5,128,
0x0e2c,14,44,92419.2,5,128,
0x0e2d,14,45,92516.9,5,128,
0x0e2e,14,46,92614.5,5,128,
0x0e2f,14,47,92712.2,5,128,
0x0e30,14,48,92809.8,5,128,
0x0e31,14,49,92907.5,5,128,
0x0e32,14,50,93005.2,5,128,
0x0e33,14,51,93102.8,5,128,
0x0e34,14,52,93200.5,5,128,
0x0e35,14,53,93298.1,5,128,
0x0e36,14,54,93395.8,5,128,
0x0e37,14,55,93493.4,5,128,
0x0e38,14,56,93591.1,5,128,
0x0e39,14,57,93688.8,5,128,
0x0e3a,14,58,93786.4,5,128,
0x0e3b,14,59,93884.1,5,128,
0x0e3c,14,60,93981.7,5,128,
0x0e3d,14,61,94079.4,5,128,
0x0e3e,14,62,94177.0,5,128,
0x0e3f,14,63,94274.7,5,128,
0x0f00,15,0,94372.3,5,128,
0x0f01,15,1,94470.0,5,128,
0x0f02,15,2,94567.7,5,128,
0x0f03,15,3,94665.3,5,128,
0x0f04,15,4,94763.0,5,128,
0x0f05,15,5,94860.6,5,128,
0x0f06,15,6,94958.3,5,128,
0x0f07,15,7,95055.9,5,128,
0x0f08,15,8,95153.6,5,128,
0x0f09,15,9,95251.3,5,128,
0x0f0a,15,10,95348.9,5,128,
0x0f0b,15,11,95446.6,5,128,
0x0f0c,15,12,95544.2,5,128,
0x0f0d,15,13,95641.9,5,128,
0x0f0e,15,14,95739.5,5,128,
0x0f0f,15,15,95837.2,5,128,
0x0f10,15,16,95934.8,5,128,
0x0f11,15,17,96032.5,5,128,
0x0f12,15,18,96130.2,5,128,
0x0f13,15,19,96227.8,5,128,
0x0f14,15,20,96325.5,5,128,
0x0f15,15,21,96423.1,5,128,
0x0f16,15,22,96520.8,5,128,
0x0f17,15,23,96618.4,5,128,
0x0f18,15,24,96716.1,5,128,
0x0f19,15,25,96813.8,5,128,
0x0f1a,15,26,96911.4,5,128,
0x0f1b,15,27,97009.1,5,128,
0x0f1c,15,28,97106.7,5,128,
0x0f1d,15,29,97204.4,5,128,
0x0f1e,15,30,97302.0,5,128,
0x0f1f,15,31,97399.7,5,128,
0x0f20,15,32,97497.3,5,128,
0x0f21,15,33,97595.0,5,128,
0x0f22,15,34,97692.7,5,128,
0x0f23,15,35,97790.3,5,128,
0x0f24,15,36,97888.0,5,128,
0x0f25,15,37,97985.6,5,128,
0x0f26,15,38,98083.3,5,128,
0x0f27,15,39,98180.9,5,128,
0x0f28,15,40,98278.6,5,128,
0x0f29,15,41,98376.3,5,128,
0x0f2a,15,42,98473.9,5,128,
0x0f2b,15,43,98571.6,5,128,
0x0f2c,15,44,98669.2,5,128,
0x0f2d,15,45,98766.9,5,128,
0x0f2e,15,46,98864.5,5,128,
0x0f2f,15,47,98962.2,5,128,
0x0f30,15,48,99059.8,5,128,
0x0f31,15,49,99157.5,5,128,
0x0f32,15,50,99255.2,5,128,
0x0f33,15,51,99352.8,5,128,
0x0f34,15,52,99450.5,5,128,
0x0f35,15,53,99548.1,5,128,
0x0f36,15,54,99645.8,5,128,
0x0f37,15,55,99743.4,5,128,
0x0f38,15,56,99841.1,5,128,
0x0f39,15,57,99938.8,5,128,
0x0f3a,15,58,100036.4,5,128,
0x0f3b,15,59,100134.1,5,128,
0x0f3c,15,60,100231.7,5,128,
0x0f3d,15,61,100329.4,5,128,
0x0f3e,15,62,100427.0,5,128,
0x0f3f,15,63,100524.7,5,128,
0x1000,16,0,100622.3,5,128,
0x1001,16,1,100720.0,5,128,
0x1002,16,2,100817.7,5,128,
0x1003,16,3,100915.3,5,128,
0x1004,16,4,101013.0,5,128,
0x1005,16,5,101110.6,5,128,
0x1006,16,6,101208.3,5,128,
0x1007,16,7,101305.9,5,128,
0x1008,16,8,101403.6,5,128,
0x1009,16,9,101501.3,5,128,
0x100a,16,10,101598.9,5,128,
0x100b,16,11,101696.6,5,128,
0x100c,16,12,101794.2,5,128,
0x100d,16,13,101891.9,5,128,
0x100e,16,14,101989.5,5,128,
0x100f,16,15,102087.2,5,128,
0x1010,16,16,102184.8,5,128,
0x1011,16,17,102282.5,5,128,
0x1012,16,18,102380.2,5,128,
0x1013,16,19,102477.8,5,128,
0x1014,16,20,102575.5,5,128,
0x1015,16,21,102673.1,5,128,
0x1016,16,22,102770.8,5,128,
0x1017,16,23,102868.4,5,128,
0x1018,16,24,102966.1,5,128,
0x1019,16,25,103063.8,5,128,
0x101a,16,26,103161.4,5,128,
0x101b,16,27,103259.1,5,128,
0x101c,16,28,103356.7,5,128,
0x101d,16,29,103454.4,5,128,
0x101e,16,30,103552.0,5,128,
0x101f,16,31,103649.7,5,128,
0x1020,16,32,103747.3,5,128,
0x1021,16,33,103845.0,5,128,
0x1022,16,34,103942.7,5,128,
0x1023,16,35,104040.3,5,128,
0x1024,16,36,104138.0,5,128,
0x1025,16,37,104235.6,5,128,
0x1026,16,38,104333.3,5,128,
0x1027,16,39,104430.9,5,128,
0x1028,16,40,104528.6,5,128,
0x1029,16,41,104626.3,5,128,
0x102a,16,42,104723.9,5,128,
0x102b,16,43,104821.6,5,128,
0x102c,16,44,104919.2,5,128,
0x102d,16,45,105016.9,5,128,
0x102e,16,46,105114.5,5,128,
0x102f,16,47,105212.2,5,128,
0x1030,16,48,105309.8,5,128,
0x1031,16,49,105407.5,5,128,
0x1032,16,50,105505.2,5,128,
0x1033,16,51,105602.8,5,128,
0x1034,16,52,105700.5,5,128,
0x1035,16,53,105798.1,5,128,
0x1036,16,54,105895.8,5,128,
0x1037,16,55,105993.4,5,128,
0x1038,16,56,106091.1,5,128,
0x1039,16,57,106188.8,5,128,
0x103a,16,58,106286.4,5,128,
0x103b,16,59,106384.1,5,128,
0x103c,16,60,106481.7,5,128,
0x103d,16,61,106579.4,5,128,
0x103e,16,62,106677.0,5,128,
0x103f,16,63,106774.7,5,128,
0x1100,17,0,106872.3,5,128,
0x1101,17,1,106970.0,5,128,
0x1102,17,2,107067.7,5,128,
0x1103,17,3,107165.3,5,128,
0x1104,17,4,107263.0,5,128,
0x1105,17,5,107360.6,5,128,
0x1106,17,6,107458.3,5,128,
0x1107,17,7,107555.9,5,128,
0x1108,17,8,107653.6,5,128,
0x1109,17,9,107751.3,5,128,
0x110a,17,10,107848.9,5,128,
0x110b,17,11,107946.6,5,128,
0x110c,17,12,108044.2,5,128,
0x110d,17,13,108141.9,5,128,
0x110e,17,14,108239.5,5,128,
0x110f,17,15,108337.2,5,128,
0x1110,17,16,108434.8,5,128,
0x1111,17,17,108532.5,5,128,
0x1112,17,18,108630.2,5,128,
0x1113,17,19,108727.8,5,128,
0x1114,17,20,108825.5,5,128,
0x1115,17,21,108923.1,5,128,
0x1116,17,22,109020.8,5,128,
0x1117,17,23,109118.4,5,128,
0x1118,17,24,109216.1,5,128,
0x1119,17,25,109313.8,5,128,
0x111a,17,26,109411.4,5,128,
0x111b,17,27,109509.1,5,128,
0x111c,17,28,109606.7,5,128,
0x111d,17,29,109704.4,5,128,
0x111e,17,30,109802.0,5,128,
0x111f,17,31,109899.7,5,128,
0x1120,17,32,109997.3,5,128,
0x1121,17,33,110095.0,5,128,
0x1122,17,34,110192.7,5,128,
0x1123,17,35,110290.3,5,128,
0x1124,17,36,110388.0,5,128,
0x1125,17,37,110485.6,5,128,
0x1126,17,38,110583.3,5,128,
0x1127,17,39,110680.9,5,128,
0x1128,17,40,110778.6,5,128,
0x1129,17,41,110876.3,5,128,
0x112a,17,42,110973.9,5,128,
0x112b,17,43,111071.6,5,128,
0x112c,17,44,111169.2,5,128,
0x112d,17,45,111266.9,5,128,
0x112e,17,46,111364.5,5,128,
0x112f,17,47,111462.2,5,128,
0x1130,17,48,111559.8,5,128,
0x1131,17,49,111657.5,5,128,
0x1132,17,50,111755.2,5,128,
0x1133,17,51,111852.8,5,128,
0x1134,17,52,111950.5,5,128,
0x1135,17,53,112048.1,5,128,
0x1136,17,54,112145.8,5,128,
0x1137,17,55,112243.4,5,128,
0x1138,17,56,112341.1,5,128,
0x1139,17,57,112438.8,5,128,
0x113a,17,58,112536.4,5,128,
0x113b,17,59,112634.1,5,128,
0x113c,17,60,112731.7,5,128,
0x113d,17,61,112829.4,5,128,
0x113e,17,62,112927.0,5,128,
0x113f,17,63,113024.7,5,128,
0x1200,18,0,113122.3,5,128,
0x1201,18,1,113220.0,5,128,
0x1202,18,2,113317.7,5,128,
0x1203,18,3,113415.3,5,128,
0x1204,18,4,113513.0,5,128,
0x1205,18,5,113610.6,5,128,
0x1206,18,6,113708.3,5,128,
0x1207,18,7,113805.9,5,128,
0x1208,18,8,113903.6,5,128,
0x1209,18,9,114001.3,5,128,
0x120a,18,10,114098.9,5,128,
0x120b,18,11,114196.6,5,128,
0x120c,18,12,114294.2,5,128,
0x120d,18,13,114391.9,5,128,
0x120e,18,14,114489.5,5,128,
0x120f,18,15,114587.2,5,128,
0x1210,18,16,114684.8,5,128,
0x1211,18,17,114782.5,5,128,
0x1212,18,18,114880.2,5,128,
0x1213,18,19,114977.8,5,128,
0x1214,18,20,115075.5,5,128,
0x1215,18,21,115173.1,5,128,
0x1216,18,22,115270.8,5,128,
0x1217,18,23,115368.4,5,128,
0x1218,18,24,115466.1,5,128,
0x1219,18,25,115563.8,5,128,
0x121a,18,26,115661.4,5,128,
0x121b,18,27,115759.1,5,128,
0x121c,18,28,115856.7,5,128,
0x121d,18,29,115954.4,5,128,
0x121e,18,30,116052.0,5,128,
0x121f,18,31,116149.7,5,128,
0x1220,18,32,116247.3,5,128,
0x1221,18,33,116345.0,5,128,
0x1222,18,34,116442.7,5,128,
0x1223,18,35,116540.3,5,128,
0x1224,18,36,116638.0,5,128,
0x1225,18,37,116735.6,5,128,
0x1226,18,38,116833.3,5,128,
0x1227,18,39,116930.9,5,128,
0x1228,18,40,117028.6,5,128,
0x1229,18,41,117126.3,5,128,
0x122a,18,42,117223.9,5,128,
0x122b,18,43,117321.6,5,128,
0x122c,18,44,117419.2,5,128,
0x122d,18,45,117516.9,5,128,
0x122e,18,46,117614.5,5,128,
0x122f,18,47,117712.2,5,128,
0x1230,18,48,117809.8,5,128,
0x1231,18,49,117907.5,5,128,
0x1232,18,50,118005.2,5,128,
0x1233,18,51,118102.8,5,128,
0x1234,18,52,118200.5,5,128,
0x1235,18,53,118298.1,5,128,
0x1236,18,54,118395.8,5,128,
0x1237,18,55,118493.4,5,128,
0x1238,18,56,118591.1,5,128,
0x1239,18,57,118688.8,5,128,
0x123a,18,58,118786.4,5,128,
0x123b,18,59,118884.1,5,128,
0x123c,18,60,118981.7,5,128,
0x123d,18,61,119079.4,5,128,
0x123e,18,62,119177.0,5,128,
0x123f,18,63,119274.7,5,128,
0x1300,19,0,119372.3,5,128,
0x1301,19,1,119470.0,5,128,
0x1302,19,2,119567.7,5,128,
0x1303,19,3,119665.3,5,128,
0x1304,19,4,119763.0,5,128,
0x1305,19,5,119860.6,5,128,
0x1306,19,6,119958.3,5,128,
0x1307,19,7,120055.9,5,128,
0x1308,19,8,120153.6,5,128,
0x1309,19,9,120251.3,5,128,
0x130a,19,10,120348.9,5,128,
0x130b,19,11,120446.6,5,128,
0x130c,19,12,120544.2,5,128,
0x130d,19,13,120641.9,5,128,
0x130e,19,14,120739.5,5,128,
0x130f,19,15,120837.2,5,128,
0x1310,19,16,120934.8,5,128,
0x1311,19,17,121032.5,5,128,
0x1312,19,18,121130.2,5,128,
0x1313,19,19,121227.8,5,128,
0x1314,19,20,121325.5,5,128,
0x1315,19,21,121423.1,5,128,
0x1316,19,22,121520.8,5,128,
0x1317,19,23,121618.4,5,128,
0x1318,19,24,121716.1,5,128,
0x1319,19,25,121813.8,5,128,
0x131a,19,26,121911.4,5,128,
0x131b,19,27,122009.1,5,128,
0x131c,19,28,122106.7,5,128,
0x131d,19,29,122204.4,5,128,
0x131e,19,30,122302.0,5,128,
0x131f,19,31,122399.7,5,128,
0x1320,19,32,122497.3,5,128,
0x1321,19,33,122595.0,5,128,
0x1322,19,34,122692.7,5,128,
0x1323,19,35,122790.3,5,128,
0x1324,19,36,122888.0,5,128,
0x1325,19,37,122985.6,5,128,
0x1326,19,38,123083.3,5,128,
0x1327,19,39,123180.9,5,128,
0x1328,19,40,123278.6,5,128,
0x1329,19,41,123376.3,5,128,
0x132a,19,42,123473.9,5,128,
0x132b,19,43,123571.6,5,128,
0x132c,19,44,123669.2,5,128,
0x132d,19,45,123766.9,5,128,
0x132e,19,46,123864.5,5,128,
0x132f,19,47,123962.2,5,128,
0x1330,19,48,124059.8,5,128,
0x1331,19,49,124157.5,5,128,
0x1332,19,50,124255.2,5,128,
0x1333,19,51,124352.8,5,128,
0x1334,19,52,124450.5,5,128,
0x1335,19,53,124548.1,5,128,
0x1336,19,54,124645.8,5,128,
0x1337,19,55,124743.4,5,128,
0x1338,19,56,124841.1,5,128,
0x1339,19,57,124938.8,5,128,
0x133a,19,58,125036.4,5,128,
0x133b,19,59,125134.1,5,128,
0x133c,19,60,125231.7,5,128,
0x133d,19,61,125329.4,5,128,
0x133e,19,62,125427.0,5,128,
0x133f,19,63,125524.7,5,128,
0x1400,20,0,125622.3,5,128,
0x1401,20,1,125720.0,5,125,
0x1402,20,2,125820.0,5,125,
0x1403,20,3,125920.0,5,125,
0x1404,20,4,126020.0,5,125,
0x1405,20,5,126120.0,5,125,
0x1406,20,6,126220.0,5,125,
0x1407,20,7,126320.0,5,125,
0x1408,20,8,126420.0,5,125,
0x1409,20,9,126520.0,5,125,
0x140a,20,10,126620.0,5,125,
0x140b,20,11,126720.0,5,125,
0x140c,20,12,126820.0,5,125,
0x140d,20,13,126920.0,5,125,
0x140e,20,14,127020.0,5,125,
0x140f,20,15,127120.0,5,125,
0x1410,20,16,127220.0,5,125,
0x1411,20,17,127320.0,5,125,
0x1412,20,18,127420.0,5,125,
0x1413,20,19,127520.0,5,125,
0x1414,20,20,127620.0,5,125,
0x1415,20,21,127720.0,5,125,
0x1416,20,22,127820.0,5,125,
0x1417,20,23,127920.0,5,125,
0x1418,20,24,128020.0,5,125,
0x1419,20,25,128120.0,5,125,
0x141a,20,26,128220.0,5,125,
0x141b,20,27,128320.0,5,125,
0x141c,20,28,128420.0,5,125,
0x141d,20,29,128520.0,5,125,
0x141e,20,30,128620.0,5,125,
0x141f,20,31,128720.0,5,125,
0x1420,20,32,128820.0,5,125,
0x1421,20,33,128920.0,5,125,
0x1422,20,34,129020.0,5,125,
0x1423,20,35,129120.0,5,125,
0x1424,20,36,129220.0,5,125,
0x1425,20,37,129320.0,5,125,
0x1426,20,38,129420.0,5,125,
0x1427,20,39,129520.0,5,125,
0x1428,20,40,129620.0,5,125,
0x1429,20,41,129720.0,5,125,
0x142a,20,42,129820.0,5,125,
0x142b,20,43,129920.0,5,125,
0x142c,20,44,130020.0,5,125,
0x142d,20,45,130120.0,5,125,
0x142e,20,46,130220.0,5,125,
0x142f,20,47,130320.0,5,125,
0x1430,20,48,130420.0,5,125,
0x1431,20,49,130520.0,5,125,
0x1432,20,50,130620.0,5,125,
0x1433,20,51,130720.0,5,125,
0x1434,20,52,130820.0,5,125,
0x1435,20,53,130920.0,5,125,
0x1436,20,54,131020.0,5,125,
0x1437,20,55,131120.0,5,125,
0x1438,20,56,131220.0,5,125,
0x1439,20,57,131320.0,5,125,
0x143a,20,58,131420.0,5,125,
0x143b,20,59,131520.0,5,125,
0x143c,20,60,131620.0,5,125,
0x143d,20,61,131720.0,5,125,
0x143e,20,62,131820.0,5,125,
0x143f,20,63,131920.0,5,125,
0x1500,21,0,132020.0,5,125,
0x1501,21,1,132120.0,5,125,
0x1502,21,2,132220.0,5,125,
0x1503,21,3,132320.0,5,125,
0x1504,21,4,132420.0,5,125,
0x1505,21,5,132520.0,5,125,
0x1506,21,6,132620.0,5,125,
0x1507,21,7,132720.0,5,125,
0x1508,21,8,132820.0,5,125,
0x1509,21,9,132920.0,5,125,
0x150a,21,10,133020.0,5,125,
0x150b,21,11,133120.0,5,125,
0x150c,21,12,133220.0,5,125,
0x150d,21,13,133320.0,5,125,
0x150e,21,14,133420.0,5,125,
0x150f,21,15,133520.0,5,125,
0x1510,21,16,133620.0,5,125,
0x1511,21,17,133720.0,5,125,
0x1512,21,18,133820.0,5,125,
0x1513,21,19,133920.0,5,125,
0x1514,21,20,134020.0,5,125,
0x1515,21,21,134120.0,5,125,
0x1516,21,22,134220.0,5,125,
0x1517,21,23,134320.0,5,125,
0x1518,21,24,134420.0,5,125,
0x1519,21,25,134520.0,5,125,
0x151a,21,26,134620.0,5,125,
0x151b,21,27,134720.0,5,125,
0x151c,21,28,134820.0,5,125,
0x151d,21,29,134920.0,5,125,
0x151e,21,30,135020.0,5,125,
0x151f,21,31,135120.0,5,125,
0x1520,21,32,135220.0,5,125,
0x1521,21,33,135320.0,5,125,
0x1522,21,34,135420.0,5,125,
0x1523,21,35,135520.0,5,125,
0x1524,21,36,135620.0,5,125,
0x1525,21,37,135720.0,5,125,
0x1526,21,38,135820.0,5,125,
0x1527,21,39,135920.0,5,125,
0x1528,21,40,136020.0,5,125,
0x1529,21,41,136120.0,5,125,
0x152a,21,42,136220.0,5,125,
0x152b,21,43,136320.0,5,125,
0x152c,21,44,136420.0,5,125,
0x152d,21,45,136520.0,5,125,
0x152e,21,46,136620.0,5,125,
0x152f,21,47,136720.0,5,125,
0x1530,21,48,136820.0,5,125,
0x1531,21,49,136920.0,5,125,
0x1532,21,50,137020.0,5,125,
0x1533,21,51,137120.0,5,125,
0x1534,21,52,137220.0,5,125,
0x1535,21,53,137320.0,5,125,
0x1536,21,54,137420.0,5,125,
0x1537,21,55,137520.0,5,125,
0x1538,21,56,137620.0,5,125,
0x1539,21,57,137720.0,5,125,
0x153a,21,58,137820.0,5,125,
0x153b,21,59,137920.0,5,125,
0x153c,21,60,138020.0,5,125,
0x153d,21,61,138120.0,5,125,
0x153e,21,62,138220.0,5,125,
0x153f,21,63,138320.0,5,125,
0x1600,22,0,138420.0,5,125,
0x1601,22,1,138520.0,5,125,
0x1602,22,2,138620.0,5,125,
0x1603,22,3,138720.0,5,125,
0x1604,22,4,138820.0,5,125,
0x1605,22,5,138920.0,5,125,
0x1606,22,6,139020.0,5,125,
0x1607,22,7,139120.0,5,125,
0x1608,22,8,139220.0,5,125,
0x1609,22,9,139320.0,5,125,
0x160a,22,10,139420.0,5,125,
0x160b,22,11,139520.0,5,125,
0x160c,22,12,139620.0,5,125,
0x160d,22,13,139720.0,5,125,
0x160e,22,14,139820.0,5,125,
0x160f,22,15,139920.0,5,125,
0x1610,22,16,140020.0,5,125,
0x1611,22,17,140120.0,5,125,
0x1612,22,18,140220.0,5,125,
0x1613,22,19,140320.0,5,125,
0x1614,22,20,140420.0,5,125,
0x1615,22,21,140520.0,5,125,
0x1616,22,22,140620.0,5,125,
0x1617,22,23,140720.0,5,125,
0x1618,22,24,140820.0,5,125,
0x1619,22,25,140920.0,5,125,
0x161a,22,26,141020.0,5,125,
0x161b,22,27,141120.0,5,125,
0x161c,22,28,141220.0,5,125,
0x161d,22,29,141320.0,5,125,
0x161e,22,30,141420.0,5,125,
0x161f,22,31,141520.0,5,125,
0x1620,22,32,141620.0,5,125,
0x1621,22,33,141720.0,5,125,
0x1622,22,34,141820.0,5,125,
0x1623,22,35,141920.0,5,125,
0x1624,22,36,142020.0,5,125,
0x1625,22,37,142120.0,5,125,
0x1626,22,38,142220.0,5,125,
0x1627,22,39,142320.0,5,125,
0x1628,22,40,142420.0,5,125,
0x1629,22,41,142520.0,5,125,
0x162a,22,42,142620.0,5,125,
0x162b,22,43,142720.0,5,125,
0x162c,22,44,142820.0,5,125,
0x162d,22,45,142920.0,5,125,
0x162e,22,46,143020.0,5,125,
0x162f,22,47,143120.0,5,125,
0x1630,22,48,143220.0,5,125,
0x1631,22,49,143320.0,5,125,
0x1632,22,50,143420.0,5,125,
0x1633,22,51,143520.0,5,125,
0x1634,22,52,143620.0,5,125,
0x1635,22,53,143720.0,5,125,
0x1636,22,54,143820.0,5,125,
0x1637,22,55,143920.0,5,125,
0x1638,22,56,144020.0,5,125,
0x1639,22,57,144120.0,5,125,
0x163a,22,58,144220.0,5,125,
0x163b,22,59,144320.0,5,125,
0x163c,22,60,144420.0,5,125,
0x163d,22,61,144520.0,5,125,
0x163e,22,62,144620.0,5,125,
0x163f,22,63,144720.0,5,125,
0x1700,23,0,144820.0,5,125,
0x1701,23,1,144920.0,5,128,
0x1702,23,2,145017.7,5,128,
0x1703,23,3,145115.3,5,128,
0x1704,23,4,145213.0,5,128,
0x1705,23,5,145310.6,5,128,
0x1706,23,6,145408.3,5,128,
0x1707,23,7,145505.9,5,128,
0x1708,23,8,145603.6,5,128,
0x1709,23,9,145701.2,5,128,
0x170a,23,10,145798.9,5,128,
0x170b,23,11,145896.6,5,128,
0x170c,23,12,145994.2,5,128,
0x170d,23,13,146091.9,5,128,
0x170e,23,14,146189.5,5,128,
0x170f,23,15,146287.2,5,128,
0x1710,23,16,146384.8,5,128,
0x1711,23,17,146482.5,5,128,
0x1712,23,18,146580.2,5,128,
0x1713,23,19,146677.8,5,128,
0x1714,23,20,146775.5,5,128,
0x1715,23,21,146873.1,5,128,
0x1716,23,22,146970.8,5,128,
0x1717,23,23,147068.4,5,128,
0x1718,23,24,147166.1,5,128,
0x1719,23,25,147263.7,5,128,
0x171a,23,26,147361.4,5,128,
0x171b,23,27,147459.1,5,128,
0x171c,23,28,147556.7,5,128,
0x171d,23,29,147654.4,5,128,
0x171e,23,30,147752.0,5,128,
0x171f,23,31,147849.7,5,128,
0x1720,23,32,147947.3,5,128,
0x1721,23,33,148045.0,5,128,
0x1722,23,34,148142.7,5,128,
0x1723,23,35,148240.3,5,128,
0x1724,23,36,148338.0,5,128,
0x1725,23,37,148435.6,5,128,
0x1726,23,38,148533.3,5,128,
0x1727,23,39,148630.9,5,128,
0x1728,23,40,148728.6,5,128,
0x1729,23,41,148826.2,5,128,
0x172a,23,42,148923.9,5,128,
0x172b,23,43,149021.6,5,128,
0x172c,23,44,149119.2,5,128,
0x172d,23,45,149216.9,5,128,
0x172e,23,46,149314.5,5,128,
0x172f,23,47,149412.2,5,128,
0x1730,23,48,149509.8,5,128,
0x1731,23,49,149607.5,5,128,
0x1732,23,50,149705.2,5,128,
0x1733,23,51,149802.8,5,128,
0x1734,23,52,149900.5,5,128,
0x1735,23,53,149998.1,5,128,
0x1736,23,54,150095.8,5,128,
0x1737,23,55,150193.4,5,128,
0x1738,23,56,150291.1,5,128,
0x1739,23,57,150388.7,5,128,
0x173a,23,58,150486.4,5,128,
0x173b,23,59,150584.1,5,128,
0x173c,23,60,150681.7,5,128,
0x173d,23,61,150779.4,5,128,
0x173e,23,62,150877.0,5,128,
0x173f,23,63,150974.7,5,128,
0x1800,24,0,151072.3,5,128,
0x1801,24,1,151170.0,5,128,
0x1802,24,2,151267.7,5,128,
0x1803,24,3,151365.3,5,128,
0x1804,24,4,151463.0,5,128,
0x1805,24,5,151560.6,5,128,
0x1806,24,6,151658.3,5,128,
0x1807,24,7,151755.9,5,128,
0x1808,24,8,151853.6,5,128,
0x1809,24,9,151951.2,5,128,
0x180a,24,10,152048.9,5,128,
0x180b,24,11,152146.6,5,128,
0x180c,24,12,152244.2,5,128,
0x180d,24,13,152341.9,5,128,
0x180e,24,14,152439.5,5,128,
0x180f,24,15,152537.2,5,128,
0x1810,24,16,152634.8,5,128,
0x1811,24,17,152732.5,5,128,
0x1812,24,18,152830.2,5,128,
0x1813,24,19,152927.8,5,128,
0x1814,24,20,153025.5,5,128,
0x1815,24,21,153123.1,5,128,
0x1816,24,22,153220.8,5,128,
0x1817,24,23,153318.4,5,128,
0x1818,24,24,153416.1,5,128,
0x1819,24,25,153513.7,5,128,
0x181a,24,26,153611.4,5,128,
0x181b,24,27,153709.1,5,128,
0x181c,24,28,153806.7,5,128,
0x181d,24,29,153904.4,5,128,
0x181e,24,30,154002.0,5,128,
0x181f,24,31,154099.7,5,128,
0x1820,24,32,154197.3,5,128,
0x1821,24,33,154295.0,5,128,
0x1822,24,34,154392.7,5,128,
0x1823,24,35,154490.3,5,128,
0x1824,24,36,154588.0,5,128,
0x1825,24,37,154685.6,5,128,
0x1826,24,38,154783.3,5,128,
0x1827,24,39,154880.9,5,128,
0x1828,24,40,154978.6,5,128,
0x1829,24,41,155076.2,5,128,
0x182a,24,42,155173.9,5,128,
0x182b,24,43,155271.6,5,128,
0x182c,24,44,155369.2,5,128,
0x182d,24,45,155466.9,5,128,
0x182e,24,46,155564.5,5,128,
0x182f,24,47,155662.2,5,128,
0x1830,24,48,155759.8,5,128,
0x1831,24,49,155857.5,5,128,
0x1832,24,50,155955.2,5,128,
0x1833,24,51,156052.8,5,128,
0x1834,24,52,156150.5,5,128,
0x1835,24,53,156248.1,5,128,
0x1836,24,54,156345.8,5,128,
0x1837,24,55,156443.4,5,128,
0x1838,24,56,156541.1,5,128,
0x1839,24,57,156638.7,5,128,
0x183a,24,58,156736.4,5,128,
0x183b,24,59,156834.1,5,128,
0x183c,24,60,156931.7,5,128,
0x183d,24,61,157029.4,5,128,
0x183e,24,62,157127.0,5,128,
0x183f,24,63,157224.7,5,128,
0x1900,25,0,157322.3,5,128,
0x1901,25,1,157420.0,5,128,
0x1902,25,2,157517.7,5,128,
0x1903,25,3,157615.3,5,128,
0x1904,25,4,157713.0,5,128,
0x1905,25,5,157810.6,5,128,
0x1906,25,6,157908.3,5,128,
0x1907,25,7,158005.9,5,128,
0x1908,25,8,158103.6,5,128,
0x1909,25,9,158201.2,5,128,
0x190a,25,10,158298.9,5,128,
0x190b,25,11,158396.6,5,128,
0x190c,25,12,158494.2,5,128,
0x190d,25,13,158591.9,5,128,
0x190e,25,14,158689.5,5,128,
0x190f,25,15,158787.2,5,128,
0x1910,25,16,158884.8,5,128,
0x1911,25,17,158982.5,5,128,
0x1912,25,18,159080.2,5,128,
0x1913,25,19,159177.8,5,128,
0x1914,25,20,159275.5,5,128,
0x1915,25,21,159373.1,5,128,
0x1916,25,22,159470.8,5,128,
0x1917,25,23,159568.4,5,128,
0x1918,25,24,159666.1,5,128,
0x1919,25,25,159763.7,5,128,
0x191a,25,26,159861.4,5,128,
0x191b,25,27,159959.1,5,128,
0x191c,25,28,160056.7,5,128,
0x191d,25,29,160154.4,5,128,
0x191e,25,30,160252.0,5,128,
0x191f,25,31,160349.7,5,128,
0x1920,25,32,160447.3,5,128,
0x1921,25,33,160545.0,5,128,
0x1922,25,34,160642.7,5,128,
0x1923,25,35,160740.3,5,128,
0x1924,25,36,160838.0,5,128,
0x1925,25,37,160935.6,5,128,
0x1926,25,38,161033.3,5,128,
0x1927,25,39,161130.9,5,128,
0x1928,25,40,161228.6,5,128,
0x1929,25,41,161326.2,5,128,
0x192a,25,42,161423.9,5,128,
0x192b,25,43,161521.6,5,128,
0x192c,25,44,161619.2,5,128,
0x192d,25,45,161716.9,5,128,
0x192e,25,46,161814.5,5,128,
0x192f,25,47,161912.2,5,128,
0x1930,25,48,162009.8,5,128,
0x1931,25,49,162107.5,5,128,
0x1932,25,50,162205.2,5,128,
0x1933,25,51,162302.8,5,128,
0x1934,25,52,162400.5,5,128,
0x1935,25,53,162498.1,5,128,
0x1936,25,54,162595.8,5,128,
0x1937,25,55,162693.4,5,128,
0x1938,25,56,162791.1,5,128,
0x1939,25,57,162888.7,5,128,
0x193a,25,58,162986.4,5,128,
0x193b,25,59,163084.1,5,128,
0x193c,25,60,163181.7,5,128,
0x193d,25,61,163279.4,5,128,
0x193e,25,62,163377.0,5,128,
0x193f,25,63,163474.7,5,128,
0x1a00,26,0,163572.3,5,128,
0x1a01,26,1,163670.0,5,128,
0x1a02,26,2,163767.7,5,128,
0x1a03,26,3,163865.3,5,128,
0x1a04,26,4,163963.0,5,128,
0x1a05,26,5,164060.6,5,128,
0x1a06,26,6,164158.3,5,128,
0x1a07,26,7,164255.9,5,128,
0x1a08,26,8,164353.6,5,128,
0x1a09,26,9,164451.2,5,128,
0x1a0a,26,10,164548.9,5,128,
0x1a0b,26,11,164646.6,5,128,
0x1a0c,26,12,164744.2,5,128,
0x1a0d,26,13,164841.9,5,128,
0x1a0e,26,14,164939.5,5,128,
0x1a0f,26,15,165037.2,5,128,
0x1a10,26,16,165134.8,5,128,
0x1a11,26,17,165232.5,5,128,
0x1a12,26,18,165330.2,5,128,
0x1a13,26,19,165427.8,5,128,
0x1a14,26,20,165525.5,5,128,
0x1a15,26,21,165623.1,5,128,
0x1a16,26,22,165720.8,5,128,
0x1a17,26,23,165818.4,5,128,
0x1a18,26,24,165916.1,5,128,
0x1a19,26,25,166013.7,5,128,
0x1a1a,26,26,166111.4,5,128,
0x1a1b,26,27,166209.1,5,128,
0x1a1c,26,28,166306.7,5,128,
0x1a1d,26,29,166404.4,5,128,
0x1a1e,26,30,166502.0,5,128,
0x1a1f,26,31,166599.7,5,128,
0x1a20,26,32,166697.3,5,128,
0x1a21,26,33,166795.0,5,128,
0x1a22,26,34,166892.7,5,128,
0x1a23,26,35,166990.3,5,128,
0x1a24,26,36,167088.0,5,128,
0x1a25,26,37,167185.6,5,128,
0x1a26,26,38,167283.3,5,128,
0x1a27,26,39,167380.9,5,128,
0x1a28,26,40,167478.6,5,128,
0x1a29,26,41,167576.2,5,128,
0x1a2a,26,42,167673.9,5,128,
0x1a2b,26,43,167771.6,5,128,
0x1a2c,26,44,167869.2,5,128,
0x1a2d,26,45,167966.9,5,128,
0x1a2e,26,46,168064.5,5,128,
0x1a2f,26,47,168162.2,5,128,
0x1a30,26,48,168259.8,5,128,
0x1a31,26,49,168357.5,5,128,
0x1a32,26,50,168455.2,5,128,
0x1a33,26,51,168552.8,5,128,
0x1a34,26,52,168650.5,5,128,
0x1a35,26,53,168748.1,5,128,
0x1a36,26,54,168845.8,5,128,
0x1a37,26,55,168943.4,5,128,
0x1a38,26,56,169041.1,5,128,
0x1a39,26,57,169138.7,5,128,
0x1a3a,26,58,169236.4,5,128,
0x1a3b,26,59,169334.1,5,128,
0x1a3c,26,60,169431.7,5,128,
0x1a3d,26,61,169529.4,5,128,
0x1a3e,26,62,169627.0,5,128,
0x1a3f,26,63,169724.7,5,128,
0x1b00,27,0,169822.3,5,128,
0x1b01,27,1,169920.0,5,128,
0x1b02,27,2,170017.7,5,128,
0x1b03,27,3,170115.3,5,128,
0x1b04,27,4,170213.0,5,128,
0x1b05,27,5,170310.6,5,128,
0x1b06,27,6,170408.3,5,128,
0x1b07,27,7,170505.9,5,128,
0x1b08,27,8,170603.6,5,128,
0x1b09,27,9,170701.2,5,128,
0x1b0a,27,10,170798.9,5,128,
0x1b0b,27,11,170896.6,5,128,
0x1b0c,27,12,170994.2,5,128,
0x1b0d,27,13,171091.9,5,128,
0x1b0e,27,14,171189.5,5,128,
0x1b0f,27,15,171287.2,5,128,
0x1b10,27,16,171384.8,5,128,
0x1b11,27,17,171482.5,5,128,
0x1b12,27,18,171580.2,5,128,
0x1b13,27,19,171677.8,5,128,
0x1b14,27,20,171775.5,5,128,
0x1b15,27,21,171873.1,5,128,
0x1b16,27,22,171970.8,5,128,
0x1b17,27,23,172068.4,5,128,
0x1b18,27,24,172166.1,5,128,
0x1b19,27,25,172263.7,5,128,
0x1b1a,27,26,172361.4,5,128,
0x1b1b,27,27,172459.1,5,128,
0x1b1c,27,28,172556.7,5,128,
0x1b1d,27,29,172654.4,5,128,
0x1b1e,27,30,172752.0,5,128,
0x1b1f,27,31,172849.7,5,128,
0x1b20,27,32,172947.3,5,128,
0x1b21,27,33,173045.0,5,128,
0x1b22,27,34,173142.7,5,128,
0x1b23,27,35,173240.3,5,128,
0x1b24,27,36,173338.0,5,128,
0x1b25,27,37,173435.6,5,128,
0x1b26,27,38,173533.3,5,128,
0x1b27,27,39,173630.9,5,128,
0x1b28,27,40,173728.6,5,128,
0x1b29,27,41,173826.2,5,128,
0x1b2a,27,42,173923.9,5,128,
0x1b2b,27,43,174021.6,5,128,
0x1b2c,27,44,174119.2,5,128,
0x1b2d,27,45,174216.9,5,128,
0x1b2e,27,46,174314.5,5,128,
0x1b2f,27,47,174412.2,5,128,
0x1b30,27,48,174509.8,5,128,
0x1b31,27,49,174607.5,5,128,
0x1b32,27,50,174705.2,5,128,
0x1b33,27,51,174802.8,5,128,
0x1b34,27,52,174900.5,5,128,
0x1b35,27,53,174998.1,5,128,
0x1b36,27,54,175095.8,5,128,
0x1b37,27,55,175193.4,5,128,
0x1b38,27,56,175291.1,5,128,
0x1b39,27,57,175388.7,5,128,
0x1b3a,27,58,175486.4,5,128,
0x1b3b,27,59,175584.1,5,128,
0x1b3c,27,60,175681.7,5,128,
0x1b3d,27,61,175779.4,5,128,
0x1b3e,27,62,175877.0,5,128,
0x1b3f,27,63,175974.7,5,128,
0x1c00,28,0,176072.3,5,128,
0x1c01,28,1,176170.0,5,128,
0x1c02,28,2,176267.7,5,128,
0x1c03,28,3,176365.3,5,128,
0x1c04,28,4,176463.0,5,128,
0x1c05,28,5,176560.6,5,128,
0x1c06,28,6,176658.3,5,128,
0x1c07,28,7,176755.9,5,128,
0x1c08,28,8,176853.6,5,128,
0x1c09,28,9,176951.2,5,128,
0x1c0a,28,10,177048.9,5,128,
0x1c0b,28,11,177146.6,5,128,
0x1c0c,28,12,177244.2,5,128,
0x1c0d,28,13,177341.9,5,128,
0x1c0e,28,14,177439.5,5,128,
0x1c0f,28,15,177537.2,5,128,
0x1c10,28,16,177634.8,5,128,
0x1c11,28,17,177732.5,5,128,
0x1c12,28,18,177830.2,5,128,
0x1c13,28,19,177927.8,5,128,
0x1c14,28,20,178025.5,5,128,
0x1c15,28,21,178123.1,5,128,
0x1c16,28,22,178220.8,5,128,
0x1c17,28,23,178318.4,5,128,
0x1c18,28,24,178416.1,5,128,
0x1c19,28,25,178513.7,5,128,
0x1c1a,28,26,178611.4,5,128,
0x1c1b,28,27,178709.1,5,128,
0x1c1c,28,28,178806.7,5,128,
0x1c1d,28,29,178904.4,5,128,
0x1c1e,28,30,179002.0,5,128,
0x1c1f,28,31,179099.7,5,128,
0x1c20,28,32,179197.3,5,128,
0x1c21,28,33,179295.0,5,128,
0x1c22,28,34,179392.7,5,128,
0x1c23,28,35,179490.3,5,128,
0x1c24,28,36,179588.0,5,128,
0x1c25,28,37,179685.6,5,128,
0x1c26,28,38,179783.3,5,128,
0x1c27,28,39,179880.9,5,128,
0x1c28,28,40,179978.6,5,128,
0x1c29,28,41,180076.2,5,128,
0x1c2a,28,42,180173.9,5,128,
0x1c2b,28,43,180271.6,5,128,
0x1c2c,28,44,180369.2,5,128,
0x1c2d,28,45,180466.9,5,128,
0x1c2e,28,46,180564.5,5,128,
0x1c2f,28,47,180662.2,5,128,
0x1c30,28,48,180759.8,5,128,
0x1c31,28,49,180857.5,5,128,
0x1c32,28,50,180955.2,5,128,
0x1c33,28,51,181052.8,5,128,
0x1c34,28,52,181150.5,5,128,
0x1c35,28,53,181248.1,5,128,
0x1c36,28,54,181345.8,5,128,
0x1c37,28,55,181443.4,5,128,
0x1c38,28,56,181541.1,5,128,
0x1c39,28,57,181638.7,5,128,
0x1c3a,28,58,181736.4,5,128,
0x1c3b,28,59,181834.1,5,128,
0x1c3c,28,60,181931.7,5,128,
0x1c3d,28,61,182029.4,5,128,
0x1c3e,28,62,182127.0,5,128,
0x1c3f,28,63,182224.7,5,128,
0x1d00,29,0,182322.3,5,128,
0x1d01,29,1,182420.0,5,128,
0x1d02,29,2,182517.7,5,128,
0x1d03,29,3,182615.3,5,128,
0x1d04,29,4,182713.0,5,128,
0x1d05,29,5,182810.6,5,128,
0x1d06,29,6,182908.3,5,128,
0x1d07,29,7,183005.9,5,128,
0x1d08,29,8,183103.6,5,128,
0x1d09,29,9,183201.2,5,128,
0x1d0a,29,10,183298.9,5,128,
0x1d0b,29,11,183396.6,5,128,
0x1d0c,29,12,183494.2,5,128,
0x1d0d,29,13,183591.9,5,128,
0x1d0e,29,14,183689.5,5,128,
0x1d0f,29,15,183787.2,5,128,
0x1d10,29,16,183884.8,5,128,
0x1d11,29,17,183982.5,5,128,
0x1d12,29,18,184080.2,5,128,
0x1d13,29,19,184177.8,5,128,
0x1d14,29,20,184275.5,5,128,
0x1d15,29,21,184373.1,5,128,
0x1d16,29,22,184470.8,5,128,
0x1d17,29,23,184568.4,5,128,
0x1d18,29,24,184666.1,5,128,
0x1d19,29,25,184763.7,5,128,
0x1d1a,29,26,184861.4,5,128,
0x1d1b,29,27,184959.1,5,128,
0x1d1c,29,28,185056.7,5,128,
0x1d1d,29,29,185154.4,5,128,
0x1d1e,29,30,185252.0,5,128,
0x1d1f,29,31,185349.7,5,128,
0x1d20,29,32,185447.3,5,128,
0x1d21,29,33,185545.0,5,128,
0x1d22,29,34,185642.7,5,128,
0x1d23,29,35,185740.3,5,128,
0x1d24,29,36,185838.0,5,128,
0x1d25,29,37,185935.6,5,128,
0x1d26,29,38,186033.3,5,128,
0x1d27,29,39,186130.9,5,128,
0x1d28,29,40,186228.6,5,128,
0x1d29,29,41,186326.2,5,128,
0x1d2a,29,42,186423.9,5,128,
0x1d2b,29,43,186521.6,5,128,
0x1d2c,29,44,186619.2,5,128,
0x1d2d,29,45,186716.9,5,128,
0x1d2e,29,46,186814.5,5,128,
0x1d2f,29,47,186912.2,5,128,
0x1d30,29,48,187009.8,5,128,
0x1d31,29,49,187107.5,5,128,
0x1d32,29,50,187205.2,5,128,
0x1d33,29,51,187302.8,5,128,
0x1d34,29,52,187400.5,5,128,
0x1d35,29,53,187498.1,5,128,
0x1d36,29,54,187595.8,5,128,
0x1d37,29,55,187693.4,5,128,
0x1d38,29,56,187791.1,5,128,
0x1d39,29,57,187888.7,5,128,
0x1d3a,29,58,187986.4,5,128,
0x1d3b,29,59,188084.1,5,128,
0x1d3c,29,60,188181.7,5,128,
0x1d3d,29,61,188279.4,5,128,
0x1d3e,29,62,188377.0,5,128,
0x1d3f,29,63,188474.7,5,128,
0x1e00,30,0,188572.3,5,128,
0x1e01,30,1,188670.0,5,128,
0x1e02,30,2,188767.7,5,128,
0x1e03,30,3,188865.3,5,128,
0x1e04,30,4,188963.0,5,128,
0x1e05,30,5,189060.6,5,128,
0x1e06,30,6,189158.3,5,128,
0x1e07,30,7,189255.9,5,128,
0x1e08,30,8,189353.6,5,128,
0x1e09,30,9,189451.2,5,128,
0x1e0a,30,10,189548.9,5,128,
0x1e0b,30,11,189646.6,5,128,
0x1e0c,30,12,189744.2,5,128,
0x1e0d,30,13,189841.9,5,128,
0x1e0e,30,14,189939.5,5,128,
0x1e0f,30,15,190037.2,5,128,
0x1e10,30,16,190134.8,5,128,
0x1e11,30,17,190232.5,5,128,
0x1e12,30,18,190330.2,5,128,
0x1e13,30,19,190427.8,5,128,
0x1e14,30,20,190525.5,5,128,
0x1e15,30,21,190623.1,5,128,
0x1e16,30,22,190720.8,5,128,
0x1e17,30,23,190818.4,5,128,
0x1e18,30,24,190916.1,5,128,
0x1e19,30,25,191013.7,5,128,
0x1e1a,30,26,191111.4,5,128,
0x1e1b,30,27,191209.1,5,128,
0x1e1c,30,28,191306.7,5,128,
0x1e1d,30,29,191404.4,5,128,
0x1e1e,30,30,191502.0,5,128,
0x1e1f,30,31,191599.7,5,128,
0x1e20,30,32,191697.3,5,128,
0x1e21,30,33,191795.0,5,128,
0x1e22,30,34,191892.7,5,128,
0x1e23,30,35,191990.3,5,128,
0x1e24,30,36,192088.0,5,128,
0x1e25,30,37,192185.6,5,128,
0x1e26,30,38,192283.3,5,128,
0x1e27,30,39,192380.9,5,128,
0x1e28,30,40,192478.6,5,128,
0x1e29,30,41,192576.2,5,128,
0x1e2a,30,42,192673.9,5,128,
0x1e2b,30,43,192771.6,5,128,
0x1e2c,30,44,192869.2,5,128,
0x1e2d,30,45,192966.9,5,128,
0x1e2e,30,46,193064.5,5,128,
0x1e2f,30,47,193162.2,5,128,
0x1e30,30,48,193259.8,5,128,
0x1e31,30,49,193357.5,5,128,
0x1e32,30,50,193455.2,5,128,
0x1e33,30,51,193552.8,5,128,
0x1e34,30,52,193650.5,5,128,
0x1e35,30,53,193748.1,5,128,
0x1e36,30,54,193845.8,5,128,
0x1e37,30,55,193943.4,5,128,
0x1e38,30,56,194041.1,5,128,
0x1e39,30,57,194138.7,5,128,
0x1e3a,30,58,194236.4,5,128,
0x1e3b,30,59,194334.1,5,128,
0x1e3c,30,60,194431.7,5,128,
0x1e3d,30,61,194529.4,5,128,
0x1e3e,30,62,194627.0,5,128,
0x1e3f,30,63,194724.7,5,128,
0x1f00,31,0,194822.3,5,128,
0x1f01,31,1,194920.0,5,128,
0x1f02,31,2,195017.7,5,128,
0x1f03,31,3,195115.3,5,128,
0x1f04,31,4,195213.0,5,128,
0x1f05,31,5,195310.6,5,128,
0x1f06,31,6,195408.3,5,128,
0x1f07,31,7,195505.9,5,128,
0x1f08,31,8,195603.6,5,128,
0x1f09,31,9,195701.2,5,128,
0x1f0a,31,10,195798.9,5,128,
0x1f0b,31,11,195896.6,5,128,
0x1f0c,31,12,195994.2,5,128,
0x1f0d,31,13,196091.9,5,128,
0x1f0e,31,14,196189.5,5,128,
0x1f0f,31,15,196287.2,5,128,
0x1f10,31,16,196384.8,5,128,
0x1f11,31,17,196482.5,5,128,
0x1f12,31,18,196580.2,5,128,
0x1f13,31,19,196677.8,5,128,
0x1f14,31,20,196775.5,5,128,
0x1f15,31,21,196873.1,5,128,
0x1f16,31,22,196970.8,5,128,
0x1f17,31,23,197068.4,5,128,
0x1f18,31,24,197166.1,5,128,
0x1f19,31,25,197263.7,5,128,
0x1f1a,31,26,197361.4,5,128,
0x1f1b,31,27,197459.1,5,128,
0x1f1c,31,28,197556.7,5,128,
0x1f1d,31,29,197654.4,5,128,
0x1f1e,31,30,197752.0,5,128,
0x1f1f,31,31,197849.7,5,128,
0x1f20,31,32,197947.3,5,128,
0x1f21,31,33,198045.0,5,128,
0x1f22,31,34,198142.7,5,128,
0x1f23,31,35,198240.3,5,128,
0x1f24,31,36,198338.0,5,128,
0x1f25,31,37,198435.6,5,128,
0x1f26,31,38,198533.3,5,128,
0x1f27,31,39,198630.9,5,128,
0x1f28,31,40,198728.6,5,128,
0x1f29,31,41,198826.2,5,128,
0x1f2a,31,42,198923.9,5,128,
0x1f2b,31,43,199021.6,5,128,
0x1f2c,31,44,199119.2,5,128,
0x1f2d,31,45,199216.9,5,128,
0x1f2e,31,46,199314.5,5,128,
0x1f2f,31,47,199412.2,5,128,
0x1f30,31,48,199509.8,5,128,
0x1f31,31,49,199607.5,5,128,
0x1f32,31,50,199705.2,5,128,
0x1f33,31,51,199802.8,5,128,
0x1f34,31,52,199900.5,5,128,
0x1f35,31,53,199998.1,5,128,
0x1f36,31,54,200095.8,5,128,
0x1f37,31,55,200193.4,5,128,
0x1f38,31,56,200291.1,5,128,
0x1f39,31,57,200388.7,5,128,
0x1f3a,31,58,200486.4,5,128,
0x1f3b,31,59,200584.1,5,128,
0x1f3c,31,60,200681.7,5,128,
0x1f3d,31,61,200779.4,5,128,
0x1f3e,31,62,200877.0,5,128,
0x1f3f,31,63,200974.7,5,128,
0x2000,32,0,201072.3,5,128,
0x2001,32,1,201170.0,5,128,
0x2002,32,2,201267.7,5,128,
0x2003,32,3,201365.3,5,128,
0x2004,32,4,201463.0,5,128,
0x2005,32,5,201560.6,5,128,
0x2006,32,6,201658.3,5,128,
0x2007,32,7,201755.9,5,128,
0x2008,32,8,201853.6,5,128,
0x2009,32,9,201951.2,5,128,
0x200a,32,10,202048.9,5,128,
0x200b,32,11,202146.6,5,128,
0x200c,32,12,202244.2,5,128,
0x200d,32,13,202341.9,5,128,
0x200e,32,14,202439.5,5,128,
0x200f,32,15,202537.2,5,128,
0x2010,32,16,202634.8,5,128,
0x2011,32,17,202732.5,5,128,
0x2012,32,18,202830.2,5,128,
0x2013,32,19,202927.8,5,128,
0x2014,32,20,203025.5,5,128,
0x2015,32,21,203123.1,5,128,
0x2016,32,22,203220.8,5,128,
0x2017,32,23,203318.4,5,128,
0x2018,32,24,203416.1,5,128,
0x2019,32,25,203513.7,5,128,
0x201a,32,26,203611.4,5,128,
0x201b,32,27,203709.1,5,128,
0x201c,32,28,203806.7,5,128,
0x201d,32,29,203904.4,5,128,
0x201e,32,30,204002.0,5,128,
0x201f,32,31,204099.7,5,128,
0x2020,32,32,204197.3,5,128,
0x2021,32,33,204295.0,5,128,
0x2022,32,34,204392.7,5,128,
0x2023,32,35,204490.3,5,128,
0x2024,32,36,204588.0,5,128,
0x2025,32,37,204685.6,5,128,
0x2026,32,38,204783.3,5,128,
0x2027,32,39,204880.9,5,128,
0x2028,32,40,204978.6,5,128,
0x2029,32,41,205076.2,5,128,
0x202a,32,42,205173.9,5,128,
0x202b,32,43,205271.6,5,128,
0x202c,32,44,205369.2,5,128,
0x202d,32,45,205466.9,5,128,
0x202e,32,46,205564.5,5,128,
0x202f,32,47,205662.2,5,128,
0x2030,32,48,205759.8,5,128,
0x2031,32,49,205857.5,5,128,
0x2032,32,50,205955.2,5,128,
0x2033,32,51,206052.8,5,128,
0x2034,32,52,206150.5,5,128,
0x2035,32,53,206248.1,5,128,
0x2036,32,54,206345.8,5,128,
0x2037,32,55,206443.4,5,128,
0x2038,32,56,206541.1,5,128,
0x2039,32,57,206638.7,5,128,
0x203a,32,58,206736.4,5,128,
0x203b,32,59,206834.1,5,128,
0x203c,32,60,206931.7,5,128,
0x203d,32,61,207029.4,5,128,
0x203e,32,62,207127.0,5,128,
0x203f,32,63,207224.7,5,128,
0x2100,33,0,207322.3,5,128,
0x2101,33,1,207420.0,5,128,
0x2102,33,2,207517.7,5,128,
0x2103,33,3,207615.3,5,128,
0x2104,33,4,207713.0,5,128,
0x2105,33,5,207810.6,5,128,
0x2106,33,6,207908.3,5,128,
0x2107,33,7,208005.9,5,128,
0x2108,33,8,208103.6,5,128,
0x2109,33,9,208201.2,5,128,
0x210a,33,10,208298.9,5,128,
0x210b,33,11,208396.6,5,128,
0x210c,33,12,208494.2,5,128,
0x210d,33,13,208591.9,5,128,
0x210e,33,14,208689.5,5,128,
0x210f,33,15,208787.2,5,128,
0x2110,33,16,208884.8,5,128,
0x2111,33,17,208982.5,5,128,
0x2112,33,18,209080.2,5,128,
0x2113,33,19,209177.8,5,128,
0x2114,33,20,209275.5,5,128,
0x2115,33,21,209373.1,5,128,
0x2116,33,22,209470.8,5,128,
0x2117,33,23,209568.4,5,128,
0x2118,33,24,209666.1,5,128,
0x2119,33,25,209763.7,5,128,
0x211a,33,26,209861.4,5,128,
0x211b,33,27,209959.1,5,128,
0x211c,33,28,210056.7,5,128,
0x211d,33,29,210154.4,5,128,
0x211e,33,30,210252.0,5,128,
0x211f,33,31,210349.7,5,128,
0x2120,33,32,210447.3,5,128,
0x2121,33,33,210545.0,5,128,
0x2122,33,34,210642.7,5,128,
0x2123,33,35,210740.3,5,128,
0x2124,33,36,210838.0,5,128,
0x2125,33,37,210935.6,5,128,
0x2126,33,38,211033.3,5,128,
0x2127,33,39,211130.9,5,128,
0x2128,33,40,211228.6,5,128,
0x2129,33,41,211326.2,5,128,
0x212a,33,42,211423.9,5,128,
0x212b,33,43,211521.6,5,128,
0x212c,33,44,211619.2,5,128,
0x212d,33,45,211716.9,5,128,
0x212e,33,46,211814.5,5,128,
0x212f,33,47,211912.2,5,128,
0x2130,33,48,212009.8,5,128,
0x2131,33,49,212107.5,5,128,
0x2132,33,50,212205.2,5,128,
0x2133,33,51,212302.8,5,128,
0x2134,33,52,212400.5,5,128,
0x2135,33,53,212498.1,5,128,
0x2136,33,54,212595.8,5,128,
0x2137,33,55,212693.4,5,128,
0x2138,33,56,212791.1,5,128,
0x2139,33,57,212888.7,5,128,
0x213a,33,58,212986.4,5,128,
0x213b,33,59,213084.1,5,128,
0x213c,33,60,213181.7,5,128,
0x213d,33,61,213279.4,5,128,
0x213e,33,62,213377.0,5,128,
0x213f,33,63,213474.7,5,128,
0x2200,34,0,213572.3,5,128,
0x2201,34,1,213670.0,5,128,
0x2202,34,2,213767.7,5,128,
0x2203,34,3,213865.3,5,128,
0x2204,34,4,213963.0,5,128,
0x2205,34,5,214060.6,5,128,
0x2206,34,6,214158.3,5,128,
0x2207,34,7,214255.9,5,128,
0x2208,34,8,214353.6,5,128,
0x2209,34,9,214451.2,5,128,
0x220a,34,10,214548.9,5,128,
0x220b,34,11,214646.6,5,128,
0x220c,34,12,214744.2,5,128,
0x220d,34,13,214841.9,5,128,
0x220e,34,14,214939.5,5,128,
0x220f,34,15,215037.2,5,128,
0x2210,34,16,215134.8,5,128,
0x2211,34,17,215232.5,5,128,
0x2212,34,18,215330.2,5,128,
0x2213,34,19,215427.8,5,128,
0x2214,34,20,215525.5,5,128,
0x2215,34,21,215623.1,5,128,
0x2216,34,22,215720.8,5,128,
0x2217,34,23,215818.4,5,128,
0x2218,34,24,215916.1,5,128,
0x2219,34,25,216013.7,5,128,
0x221a,34,26,216111.4,5,128,
0x221b,34,27,216209.1,5,128,
0x221c,34,28,216306.7,5,128,
0x221d,34,29,216404.4,5,128,
0x221e,34,30,216502.0,5,128,
0x221f,34,31,216599.7,5,128,
0x2220,34,32,216697.3,5,128,
0x2221,34,33,216795.0,5,128,
0x2222,34,34,216892.7,5,128,
0x2223,34,35,216990.3,5,128,
0x2224,34,36,217088.0,5,128,
0x2225,34,37,217185.6,5,128,
0x2226,34,38,217283.3,5,128,
0x2227,34,39,217380.9,5,128,
0x2228,34,40,217478.6,5,128,
0x2229,34,41,217576.2,5,128,
0x222a,34,42,217673.9,5,128,
0x222b,34,43,217771.6,5,128,
0x222c,34,44,217869.2,5,128,
0x222d,34,45,217966.9,5,128,
0x222e,34,46,218064.5,5,128,
0x222f,34,47,218162.2,5,128,
0x2230,34,48,218259.8,5,138,
0x2231,34,49,218350.4,5,138,
0x2232,34,50,218441.0,5,138,
0x2233,34,51,218531.6,5,138,
0x2234,34,52,218622.2,5,138,
0x2235,34,53,218712.7,5,138,
0x2236,34,54,218803.3,5,138,
0x2237,34,55,218893.9,5,138,
0x2238,34,56,218984.5,5,138,
0x2239,34,57,219075.1,5,138,
0x223a,34,58,219165.6,5,138,
0x223b,34,59,219256.2,5,138,
0x223c,34,60,219346.8,5,138,
0x223d,34,61,219437.4,5,138,
0x223e,34,62,219528.0,5,138,
0x223f,34,63,219618.5,5,138,
0x2300,35,0,219709.1,5,138,
0x2301,35,1,219799.7,5,128,
0x2302,35,2,219897.4,5,128,
0x2303,35,3,219995.0,5,128,
0x2304,35,4,220092.7,5,128,
0x2305,35,5,220190.3,5,128,
0x2306,35,6,220288.0,5,128,
0x2307,35,7,220385.6,5,128,
0x2308,35,8,220483.3,5,128,
0x2309,35,9,220580.9,5,128,
0x230a,35,10,220678.6,5,128,
0x230b,35,11,220776.3,5,128,
0x230c,35,12,220873.9,5,128,
0x230d,35,13,220971.6,5,128,
0x230e,35,14,221069.2,5,128,
0x230f,35,15,221166.9,5,128,
0x2310,35,16,221264.5,5,128,
0x2311,35,17,221362.2,5,128,
0x2312,35,18,221459.9,5,128,
0x2313,35,19,221557.5,5,128,
0x2314,35,20,221655.2,5,128,
0x2315,35,21,221752.8,5,128,
0x2316,35,22,221850.5,5,128,
0x2317,35,23,221948.1,5,128,
0x2318,35,24,222045.8,5,128,
0x2319,35,25,222143.4,5,128,
0x231a,35,26,222241.1,5,128,
0x231b,35,27,222338.8,5,128,
0x231c,35,28,222436.4,5,128,
0x231d,35,29,222534.1,5,128,
0x231e,35,30,222631.7,5,128,
0x231f,35,31,222729.4,5,128,
0x2320,35,32,222827.0,5,128,
0x2321,35,33,222924.7,5,128,
0x2322,35,34,223022.4,5,128,
0x2323,35,35,223120.0,5,128,
0x2324,35,36,223217.7,5,128,
0x2325,35,37,223315.3,5,128,
0x2326,35,38,223413.0,5,128,
0x2327,35,39,223510.6,5,128,
0x2328,35,40,223608.3,5,128,
0x2329,35,41,223705.9,5,128,
0x232a,35,42,223803.6,5,128,
0x232b,35,43,223901.3,5,128,
0x232c,35,44,223998.9,5,128,
0x232d,35,45,224096.6,5,128,
0x232e,35,46,224194.2,5,128,
0x232f,35,47,224291.9,5,128,
0x2330,35,48,224389.5,5,128,
0x2331,35,49,224487.2,5,128,
0x2332,35,50,224584.9,5,128,
0x2333,35,51,224682.5,5,128,
0x2334,35,52,224780.2,5,128,
0x2335,35,53,224877.8,5,128,
0x2336,35,54,224975.5,5,128,
0x2337,35,55,225073.1,5,128,
0x2338,35,56,225170.8,5,128,
0x2339,35,57,225268.4,5,128,
0x233a,35,58,225366.1,5,128,
0x233b,35,59,225463.8,5,128,
0x233c,35,60,225561.4,5,128,
0x233d,35,61,225659.1,5,128,
0x233e,35,62,225756.7,5,128,
0x233f,35,63,225854.4,5,128,
0x2400,36,0,225952.0,5,128,
0x2401,36,1,226049.7,5,128,
0x2402,36,2,226147.4,5,128,
0x2403,36,3,226245.0,5,128,
0x2404,36,4,226342.7,5,128,
0x2405,36,5,226440.3,5,128,
0x2406,36,6,226538.0,5,128,
0x2407,36,7,226635.6,5,128,
0x2408,36,8,226733.3,5,128,
0x2409,36,9,226830.9,5,128,
0x240a,36,10,226928.6,5,128,
0x240b,36,11,227026.3,5,128,
0x240c,36,12,227123.9,5,128,
0x240d,36,13,227221.6,5,128,
0x240e,36,14,227319.2,5,128,
0x240f,36,15,227416.9,5,128,
0x2410,36,16,227514.5,5,128,
0x2411,36,17,227612.2,5,128,
0x2412,36,18,227709.9,5,128,
0x2413,36,19,227807.5,5,128,
0x2414,36,20,227905.2,5,128,
0x2415,36,21,228002.8,5,128,
0x2416,36,22,228100.5,5,128,
0x2417,36,23,228198.1,5,128,
0x2418,36,24,228295.8,5,128,
0x2419,36,25,228393.4,5,128,
0x241a,36,26,228491.1,5,128,
0x241b,36,27,228588.8,5,128,
0x241c,36,28,228686.4,5,128,
0x241d,36,29,228784.1,5,128,
0x241e,36,30,228881.7,5,128,
0x241f,36,31,228979.4,5,128,
0x2420,36,32,229077.0,5,128,
0x2421,36,33,229174.7,5,128,
0x2422,36,34,229272.4,5,128,
0x2423,36,35,229370.0,5,128,
0x2424,36,36,229467.7,5,128,
0x2425,36,37,229565.3,5,128,
0x2426,36,38,229663.0,5,128,
0x2427,36,39,229760.6,5,128,
0x2428,36,40,229858.3,5,128,
0x2429,36,41,229955.9,5,128,
0x242a,36,42,230053.6,5,128,
0x242b,36,43,230151.3,5,128,
0x242c,36,44,230248.9,5,128,
0x242d,36,45,230346.6,5,128,
0x242e,36,46,230444.2,5,128,
0x242f,36,47,230541.9,5,128,
0x2430,36,48,230639.5,5,128,
0x2431,36,49,230737.2,5,128,
0x2432,36,50,230834.9,5,128,
0x2433,36,51,230932.5,5,128,
0x2434,36,52,231030.2,5,128,
0x2435,36,53,231127.8,5,128,
0x2436,36,54,231225.5,5,128,
0x2437,36,55,231323.1,5,128,
0x2438,36,56,231420.8,5,128,
0x2439,36,57,231518.4,5,128,
0x243a,36,58,231616.1,5,128,
0x243b,36,59,231713.8,5,128,
0x243c,36,60,231811.4,5,128,
0x243d,36,61,231909.1,5,128,
0x243e,36,62,232006.7,5,128,
0x243f,36,63,232104.4,5,128,
0x2500,37,0,232202.0,5,128,
0x2501,37,1,232299.7,5,128,
0x2502,37,2,232397.4,5,128,
0x2503,37,3,232495.0,5,128,
0x2504,37,4,232592.7,5,128,
0x2505,37,5,232690.3,5,128,
0x2506,37,6,232788.0,5,128,
0x2507,37,7,232885.6,5,128,
0x2508,37,8,232983.3,5,128,
0x2509,37,9,233080.9,5,128,
0x250a,37,10,233178.6,5,128,
0x250b,37,11,233276.3,5,128,
0x250c,37,12,233373.9,5,128,
0x250d,37,13,233471.6,5,128,
0x250e,37,14,233569.2,5,128,
0x250f,37,15,233666.9,5,128,
0x2510,37,16,233764.5,5,128,
0x2511,37,17,233862.2,5,128,
0x2512,37,18,233959.9,5,128,
0x2513,37,19,234057.5,5,128,
0x2514,37,20,234155.2,5,128,
0x2515,37,21,234252.8,5,128,
0x2516,37,22,234350.5,5,128,
0x2517,37,23,234448.1,5,128,
0x2518,37,24,234545.8,5,128,
0x2519,37,25,234643.4,5,128,
0x251a,37,26,234741.1,5,128,
0x251b,37,27,234838.8,5,128,
0x251c,37,28,234936.4,5,128,
0x251d,37,29,235034.1,5,128,
0x251e,37,30,235131.7,5,128,
0x251f,37,31,235229.4,5,128,
0x2520,37,32,235327.0,5,128,
0x2521,37,33,235424.7,5,128,
0x2522,37,34,235522.4,5,128,
0x2523,37,35,235620.0,5,128,
0x2524,37,36,235717.7,5,128,
0x2525,37,37,235815.3,5,128,
0x2526,37,38,235913.0,5,128,
0x2527,37,39,236010.6,5,128,
0x2528,37,40,236108.3,5,128,
0x2529,37,41,236205.9,5,128,
0x252a,37,42,236303.6,5,128,
0x252b,37,43,236401.3,5,128,
0x252c,37,44,236498.9,5,128,
0x252d,37,45,236596.6,5,128,
0x252e,37,46,236694.2,5,128,
0x252f,37,47,236791.9,5,128,
0x2530,37,48,236889.5,5,128,
0x2531,37,49,236987.2,5,128,
0x2532,37,50,237084.9,5,128,
0x2533,37,51,237182.5,5,128,
0x2534,37,52,237280.2,5,128,
0x2535,37,53,237377.8,5,128,
0x2536,37,54,237475.5,5,128,
0x2537,37,55,237573.1,5,128,
0x2538,37,56,237670.8,5,128,
0x2539,37,57,237768.4,5,128,
0x253a,37,58,237866.1,5,128,
0x253b,37,59,237963.8,5,128,
0x253c,37,60,238061.4,5,128,
0x253d,37,61,238159.1,5,128,
0x253e,37,62,238256.7,5,128,
0x253f,37,63,238354.4,5,128,
0x2600,38,0,238452.0,5,128,
0x2601,38,1,238549.7,5,128,
0x2602,38,2,238647.4,5,128,
0x2603,38,3,238745.0,5,128,
0x2604,38,4,238842.7,5,128,
0x2605,38,5,238940.3,5,128,
0x2606,38,6,239038.0,5,128,
0x2607,38,7,239135.6,5,128,
0x2608,38,8,239233.3,5,128,
0x2609,38,9,239330.9,5,128,
0x260a,38,10,239428.6,5,128,
0x260b,38,11,239526.3,5,128,
0x260c,38,12,239623.9,5,128,
0x260d,38,13,239721.6,5,128,
0x260e,38,14,239819.2,5,128,
0x260f,38,15,239916.9,5,128,
0x2610,38,16,240014.5,5,128,
0x2611,38,17,240112.2,5,128,
0x2612,38,18,240209.9,5,128,
0x2613,38,19,240307.5,5,128,
0x2614,38,20,240405.2,5,128,
0x2615,38,21,240502.8,5,128,
0x2616,38,22,240600.5,5,128,
0x2617,38,23,240698.1,5,128,
0x2618,38,24,240795.8,5,128,
0x2619,38,25,240893.4,5,128,
0x261a,38,26,240991.1,5,128,
0x261b,38,27,241088.8,5,128,
0x261c,38,28,241186.4,5,128,
0x261d,38,29,241284.1,5,128,
0x261e,38,30,241381.7,5,128,
0x261f,38,31,241479.4,5,128,
0x2620,38,32,241577.0,5,128,
0x2621,38,33,241674.7,5,128,
0x2622,38,34,241772.4,5,128,
0x2623,38,35,241870.0,5,128,
0x2624,38,36,241967.7,5,128,
0x2625,38,37,242065.3,5,128,
0x2626,38,38,242163.0,5,128,
0x2627,38,39,242260.6,5,128,
0x2628,38,40,242358.3,5,128,
0x2629,38,41,242455.9,5,128,
0x262a,38,42,242553.6,5,128,
0x262b,38,43,242651.3,5,128,
0x262c,38,44,242748.9,5,128,
0x262d,38,45,242846.6,5,128,
0x262e,38,46,242944.2,5,128,
0x262f,38,47,243041.9,5,128,
0x2630,38,48,243139.5,5,128,
0x2631,38,49,243237.2,5,128,
0x2632,38,50,243334.9,5,128,
0x2633,38,51,243432.5,5,128,
0x2634,38,52,243530.2,5,128,
0x2635,38,53,243627.8,5,128,
0x2636,38,54,243725.5,5,128,
0x2637,38,55,243823.1,5,128,
0x2638,38,56,243920.8,5,128,
0x2639,38,57,244018.4,5,128,
0x263a,38,58,244116.1,5,128,
0x263b,38,59,244213.8,5,128,
0x263c,38,60,244311.4,5,128,
0x263d,38,61,244409.1,5,128,
0x263e,38,62,244506.7,5,128,
0x263f,38,63,244604.4,5,128,
0x2700,39,0,244702.0,5,128,
0x2701,39,1,244799.7,5,128,
0x2702,39,2,244897.4,5,128,
0x2703,39,3,244995.0,5,128,
0x2704,39,4,245092.7,5,128,
0x2705,39,5,245190.3,5,128,
0x2706,39,6,245288.0,5,128,
0x2707,39,7,245385.6,5,128,
0x2708,39,8,245483.3,5,128,
0x2709,39,9,245580.9,5,128,
0x270a,39,10,245678.6,5,128,
0x270b,39,11,245776.3,5,128,
0x270c,39,12,245873.9,5,128,
0x270d,39,13,245971.6,5,128,
0x270e,39,14,246069.2,5,128,
0x270f,39,15,246166.9,5,128,
0x2710,39,16,246264.5,5,128,
0x2711,39,17,246362.2,5,128,
0x2712,39,18,246459.9,5,128,
0x2713,39,19,246557.5,5,128,
0x2714,39,20,246655.2,5,128,
0x2715,39,21,246752.8,5,128,
0x2716,39,22,246850.5,5,128,
0x2717,39,23,246948.1,5,128,
0x2718,39,24,247045.8,5,128,
0x2719,39,25,247143.4,5,128,
0x271a,39,26,247241.1,5,128,
0x271b,39,27,247338.8,5,128,
0x271c,39,28,247436.4,5,128,
0x271d,39,29,247534.1,5,128,
0x271e,39,30,247631.7,5,128,
0x271f,39,31,247729.4,5,128,
0x2720,39,32,247827.0,5,128,
0x2721,39,33,247924.7,5,128,
0x2722,39,34,248022.4,5,128,
0x2723,39,35,248120.0,5,128,
0x2724,39,36,248217.7,5,128,
0x2725,39,37,248315.3,5,128,
0x2726,39,38,248413.0,5,128,
0x2727,39,39,248510.6,5,128,
0x2728,39,40,248608.3,5,128,
0x2729,39,41,248705.9,5,128,
0x272a,39,42,248803.6,5,128,
0x272b,39,43,248901.3,5,128,
0x272c,39,44,248998.9,5,128,
0x272d,39,45,249096.6,5,128,
0x272e,39,46,249194.2,5,128,
0x272f,39,47,249291.9,5,128,
0x2730,39,48,249389.5,5,128,
0x2731,39,49,249487.2,5,128,
0x2732,39,50,249584.9,5,128,
0x2733,39,51,249682.5,5,128,
0x2734,39,52,249780.2,5,128,
0x2735,39,53,249877.8,5,128,
0x2736,39,54,249975.5,5,128,
0x2737,39,55,250073.1,5,128,
0x2738,39,56,250170.8,5,128,
0x2739,39,57,250268.4,5,128,
0x273a,39,58,250366.1,5,128,
0x273b,39,59,250463.8,5,128,
0x273c,39,60,250561.4,5,128,
0x273d,39,61,250659.1,5,128,
0x273e,39,62,250756.7,5,128,
0x273f,39,63,250854.4,5,128,
0x2800,40,0,250952.0,5,128,
0x2801,40,1,251049.7,5,128,
0x2802,40,2,251147.4,5,128,
0x2803,40,3,251245.0,5,128,
0x2804,40,4,251342.7,5,128,
0x2805,40,5,251440.3,5,128,
0x2806,40,6,251538.0,5,128,
0x2807,40,7,251635.6,5,128,
0x2808,40,8,251733.3,5,128,
0x2809,40,9,251830.9,5,128,
0x280a,40,10,251928.6,5,128,
0x280b,40,11,252026.3,5,128,
0x280c,40,12,252123.9,5,128,
0x280d,40,13,252221.6,5,128,
0x280e,40,14,252319.2,5,128,
0x280f,40,15,252416.9,5,128,
0x2810,40,16,252514.5,5,128,
0x2811,40,17,252612.2,5,128,
0x2812,40,18,252709.9,5,128,
0x2813,40,19,252807.5,5,128,
0x2814,40,20,252905.2,5,128,
0x2815,40,21,253002.8,5,128,
0x2816,40,22,253100.5,5,128,
0x2817,40,23,253198.1,5,128,
0x2818,40,24,253295.8,5,128,
0x2819,40,25,253393.4,5,128,
0x281a,40,26,253491.1,5,128,
0x281b,40,27,253588.8,5,128,
0x281c,40,28,253686.4,5,128,
0x281d,40,29,253784.1,5,128,
0x281e,40,30,253881.7,5,128,
0x281f,40,31,253979.4,5,128,
0x2820,40,32,254077.0,5,128,
0x2821,40,33,254174.7,5,128,
0x2822,40,34,254272.4,5,128,
0x2823,40,35,254370.0,5,128,
0x2824,40,36,254467.7,5,128,
0x2825,40,37,254565.3,5,128,
0x2826,40,38,254663.0,5,128,
0x2827,40,39,254760.6,5,128,
0x2828,40,40,254858.3,5,128,
0x2829,40,41,254955.9,5,128,
0x282a,40,42,255053.6,5,128,
0x282b,40,43,255151.3,5,128,
0x282c,40,44,255248.9,5,128,
0x282d,40,45,255346.6,5,128,
0x282e,40,46,255444.2,5,128,
0x282f,40,47,255541.9,5,128,
0x2830,40,48,255639.5,5,128,
0x2831,40,49,255737.2,5,128,
0x2832,40,50,255834.9,5,128,
0x2833,40,51,255932.5,5,128,
0x2834,40,52,256030.2,5,128,
0x2835,40,53,256127.8,5,128,
0x2836,40,54,256225.5,5,128,
0x2837,40,55,256323.1,5,128,
0x2838,40,56,256420.8,5,128,
0x2839,40,57,256518.4,5,128,
0x283a,40,58,256616.1,5,128,
0x283b,40,59,256713.8,5,128,
0x283c,40,60,256811.4,5,128,
0x283d,40,61,256909.1,5,128,
0x283e,40,62,257006.7,5,128,
0x283f,40,63,257104.4,5,128,
0x2900,41,0,257202.0,5,128,
0x2901,41,1,257299.7,5,128,
0x2902,41,2,257397.4,5,128,
0x2903,41,3,257495.0,5,128,
0x2904,41,4,257592.7,5,128,
0x2905,41,5,257690.3,5,128,
0x2906,41,6,257788.0,5,128,
0x2907,41,7,257885.6,5,128,
0x2908,41,8,257983.3,5,128,
0x2909,41,9,258080.9,5,128,
0x290a,41,10,258178.6,5,128,
0x290b,41,11,258276.3,5,128,
0x290c,41,12,258373.9,5,128,
0x290d,41,13,258471.6,5,128,
0x290e,41,14,258569.2,5,128,
0x290f,41,15,258666.9,5,128,
0x2910,41,16,258764.5,5,128,
0x2911,41,17,258862.2,5,128,
0x2912,41,18,258959.9,5,128,
0x2913,41,19,259057.5,5,128,
0x2914,41,20,259155.2,5,128,
0x2915,41,21,259252.8,5,128,
0x2916,41,22,259350.5,5,128,
0x2917,41,23,259448.1,5,128,
0x2918,41,24,259545.8,5,128,
0x2919,41,25,259643.4,5,128,
0x291a,41,26,259741.1,5,128,
0x291b,41,27,259838.8,5,128,
0x291c,41,28,259936.4,5,128,
0x291d,41,29,260034.1,5,128,
0x291e,41,30,260131.7,5,128,
0x291f,41,31,260229.4,5,128,
0x2920,41,32,260327.0,5,128,
0x2921,41,33,260424.7,5,128,
0x2922,41,34,260522.4,5,128,
0x2923,41,35,260620.0,5,128,
0x2924,41,36,260717.7,5,128,
0x2925,41,37,260815.3,5,128,
0x2926,41,38,260913.0,5,128,
0x2927,41,39,261010.6,5,128,
0x2928,41,40,261108.3,5,128,
0x2929,41,41,261205.9,5,128,
0x292a,41,42,261303.6,5,128,
0x292b,41,43,261401.3,5,128,
0x292c,41,44,261498.9,5,128,
0x292d,41,45,261596.6,5,128,
0x292e,41,46,261694.2,5,128,
0x292f,41,47,261791.9,5,128,
0x2930,41,48,261889.5,5,128,
0x2931,41,49,261987.2,5,128,
0x2932,41,50,262084.9,5,128,
0x2933,41,51,262182.5,5,128,
0x2934,41,52,262280.2,5,128,
0x2935,41,53,262377.8,5,128,
0x2936,41,54,262475.5,5,128,
0x2937,41,55,262573.1,5,128,
0x2938,41,56,262670.8,5,128,
0x2939,41,57,262768.4,5,128,
0x293a,41,58,262866.1,5,128,
0x293b,41,59,262963.8,5,128,
0x293c,41,60,263061.4,5,128,
0x293d,41,61,263159.1,5,128,
0x293e,41,62,263256.7,5,128,
0x293f,41,63,263354.4,5,128,
